Reported_Epoch,Loss_DV,Loss_DS,Loss_adv_vocal,Loss_adv_speech,Loss_Cycle_Vocal,Loss_Cycle_Speech,Loss_Identity_Vocal,Loss_Identity_Speech,Grad_Norm_DV,Grad_Norm_DS,Grad_Norm_GV,Grad_Norm_GS,num_DV_updates,num_DS_updates,Global_Epoch
1,0.7512,0.7336,0.1735,0.1649,23.5501,26.3075,30.0653,29.2166,0.7523,0.9174,0.0065,0.0046,15.0,14.0,1
2,0.7515,0.5876,0.1154,0.1992,9.1575,10.5017,15.4101,14.6025,0.3659,0.0,0.006,0.0075,15.0,0.0,2
3,0.7417,0.6545,0.1087,0.1538,7.3917,8.8523,10.13,11.9215,0.1464,1.3821,0.0035,0.0041,16.0,7.0,3
4,0.7379,0.7572,0.1093,0.0862,6.5361,8.5947,7.6687,10.6504,0.1896,0.2796,0.0022,0.0019,16.0,18.0,4
5,0.7327,0.6357,0.1095,0.1449,6.0047,8.3001,7.1417,9.9419,0.1899,0.3473,0.0032,0.0041,16.0,11.0,5
6,0.7217,0.6723,0.1125,0.1073,5.7884,7.5534,7.2712,9.2429,0.2038,0.2866,0.0052,0.0067,16.0,14.0,6
7,0.7063,0.6351,0.1167,0.1257,5.7994,6.8482,6.9715,8.8479,0.2694,0.2836,0.007,0.0087,15.0,12.0,7
8,0.6947,0.6407,0.1191,0.121,5.5142,6.2866,6.6864,8.7532,0.3108,0.364,0.0065,0.0081,14.0,11.0,8
9,0.6808,0.641,0.1192,0.1177,5.2513,5.9302,6.3784,8.4457,0.2678,0.3024,0.0055,0.0058,14.0,12.0,9
10,0.6723,0.628,0.1192,0.1238,5.1791,5.8616,6.0588,8.1331,0.3421,0.3845,0.0069,0.0076,13.0,10.0,10
11,0.6641,0.6426,0.1203,0.1145,5.0166,5.7453,5.8718,7.912,0.4034,0.2859,0.0061,0.0065,12.0,13.0,11
12,0.6534,0.6006,0.1162,0.1385,5.0436,5.7548,5.8405,7.7479,0.3104,4.1593,0.007,0.0075,13.0,1.0,12
13,0.6482,0.7093,0.1245,0.0902,5.4164,6.057,6.0879,7.8785,0.9646,0.5202,0.0093,0.0108,6.0,12.0,13
14,0.6967,0.6683,0.1083,0.1064,5.4836,6.1153,6.0658,7.9725,0.1818,0.1633,0.0093,0.0109,17.0,16.0,14
15,0.5931,0.5895,0.1634,0.1498,5.1077,5.7809,6.009,7.9552,0.0,0.0,0.0078,0.0088,0.0,0.0,15
16,0.5948,0.5907,0.1631,0.1494,4.9106,5.5884,5.839,7.7701,0.0,0.0,0.0064,0.0068,0.0,0.0,16
17,0.5954,0.5932,0.1625,0.1483,4.7238,5.3706,5.6878,7.5154,0.0,0.0,0.0053,0.0052,0.0,0.0,17
18,0.5979,0.5947,0.161,0.1473,4.6655,5.1656,5.684,7.3027,0.0,0.0,0.0055,0.0055,0.0,0.0,18
19,0.6431,0.595,0.1371,0.1471,4.6381,4.9369,5.7372,7.1645,0.9341,0.0,0.0062,0.0065,6.0,0.0,19
20,0.7274,0.5972,0.1013,0.1468,4.5904,4.7888,5.7234,7.1214,0.2194,0.0,0.0062,0.0061,18.0,0.0,20
21,0.6,0.596,0.1728,0.1467,4.5439,4.7195,5.668,7.069,0.0,0.0,0.0062,0.0065,0.0,0.0,21
22,0.6011,0.5965,0.1726,0.1464,4.5615,4.6963,5.65,7.008,4.2103,0.0,0.0065,0.0068,1.0,0.0,22
23,0.7763,0.597,0.0856,0.1464,4.5463,4.6714,5.6196,6.983,0.6798,0.0,0.0064,0.0062,12.0,0.0,23
24,0.7133,0.5974,0.1083,0.1465,4.4959,4.6228,5.6075,6.9712,0.1281,0.0,0.0061,0.006,17.0,0.0,24
25,0.6585,0.5965,0.1366,0.1467,4.4279,4.5746,5.6037,6.9311,0.2513,0.0,0.0055,0.0053,12.0,0.0,25
26,0.6901,0.5969,0.0974,0.1463,4.3648,4.5436,5.5013,6.8768,0.1887,0.0,0.0062,0.0062,15.0,0.0,26
27,0.6477,0.5973,0.1176,0.1463,4.3664,4.532,5.5292,6.8378,0.2356,0.0,0.0064,0.0063,12.0,0.0,27
28,0.6527,0.5966,0.1074,0.1466,4.3524,4.4896,5.4963,6.7906,0.2514,0.0,0.0065,0.0066,13.0,0.0,28
29,0.6309,0.5967,0.1206,0.1463,4.3084,4.4245,5.4988,6.7346,0.4785,0.0,0.0057,0.0056,8.0,0.0,29
30,0.6606,0.5977,0.1009,0.1462,4.3064,4.4053,5.4783,6.6794,0.2039,0.0,0.0062,0.0059,15.0,0.0,30
31,0.5787,0.597,0.1537,0.1466,4.3526,4.4033,5.5312,6.662,0.0,0.0,0.0069,0.0073,0.0,0.0,31
32,0.5798,0.5976,0.1536,0.1461,4.2948,4.3369,5.5393,6.6376,0.0,0.0,0.0064,0.0064,0.0,0.0,32
33,0.5804,0.5982,0.153,0.146,4.2933,4.3182,5.5154,6.6212,0.0,0.0,0.0062,0.0062,0.0,0.0,33
34,0.5815,0.5975,0.1527,0.1461,4.2259,4.2646,5.5319,6.5849,0.0,0.0,0.0059,0.0055,0.0,0.0,34
35,0.5822,0.5986,0.1522,0.1458,4.2457,4.236,5.5584,6.5621,0.0,0.0,0.0068,0.007,0.0,0.0,35
36,0.583,0.5982,0.1517,0.1459,4.1779,4.1517,5.5494,6.5496,0.0,0.0,0.0058,0.0053,0.0,0.0,36
37,0.5841,0.6086,0.1508,0.1387,4.0994,4.0954,5.5157,6.5535,0.0,0.5715,0.0069,0.0068,0.0,6.0,37
38,0.5855,0.677,0.15,0.0991,4.1145,4.0593,5.5714,6.5959,0.0,0.2514,0.0069,0.0067,0.0,15.0,38
39,0.5852,0.6122,0.1498,0.1327,4.1224,4.0133,5.5748,6.6267,0.0,0.4417,0.0068,0.0068,0.0,7.0,39
40,0.5872,0.6562,0.1497,0.1034,4.095,3.9592,5.5871,6.6516,0.0,0.2728,0.0066,0.0065,0.0,13.0,40
41,0.5868,0.6291,0.1491,0.1142,4.0596,3.9069,5.6132,6.6678,0.0,0.2399,0.0064,0.0061,0.0,12.0,41
42,0.588,0.6161,0.1488,0.121,3.981,3.8459,5.5635,6.6515,0.0,0.4615,0.0064,0.0061,0.0,7.0,42
43,0.5888,0.6453,0.149,0.1044,3.9422,3.8205,5.5506,6.6554,0.0,0.2405,0.0064,0.0059,0.0,14.0,43
44,0.5874,0.5917,0.1483,0.1346,3.9595,3.799,5.5482,6.6546,0.0,0.0,0.0067,0.0065,0.0,0.0,44
45,0.588,0.5911,0.1483,0.1347,3.9736,3.7914,5.5688,6.6484,0.0,0.0,0.0071,0.0073,0.0,0.0,45
46,0.5891,0.5918,0.1476,0.1345,4.0198,3.8394,5.5531,6.6423,0.0,0.0,0.0076,0.0077,0.0,0.0,46
47,0.589,0.5915,0.148,0.1343,3.885,3.7521,5.465,6.6056,0.0,0.0,0.0065,0.006,0.0,0.0,47
48,0.5891,0.5927,0.1478,0.1339,3.8037,3.6801,5.4778,6.5853,0.0,0.0,0.0065,0.0064,0.0,0.0,48
49,0.5896,0.5928,0.1477,0.1342,3.8065,3.6914,5.4698,6.6176,0.0,0.0,0.0074,0.0076,0.0,0.0,49
50,0.5892,0.5928,0.1481,0.1341,3.7373,3.6456,5.4543,6.6275,0.0,0.0,0.0065,0.0064,0.0,0.0,50
1,0.589,0.5934,0.1476,0.1339,3.7535,3.6534,5.4829,6.6525,0.0,0.0,0.007,0.0071,0.0,0.0,51
2,0.5889,0.5926,0.1477,0.1339,3.7448,3.6182,5.4945,6.6166,0.0,0.0,0.0067,0.0065,0.0,0.0,52
3,0.5907,0.5929,0.1471,0.1337,3.7025,3.5971,5.5157,6.6207,0.0,0.0,0.0066,0.0064,0.0,0.0,53
4,0.5903,0.5929,0.1472,0.1339,3.6295,3.5524,5.494,6.6233,0.0,0.0,0.0063,0.0058,0.0,0.0,54
5,0.5904,0.5928,0.1473,0.1335,3.5754,3.5219,5.4671,6.6303,0.0,0.0,0.0062,0.0061,0.0,0.0,55
6,0.5909,0.593,0.1471,0.1334,3.5814,3.5424,5.4855,6.6278,0.0,0.0,0.0069,0.0068,0.0,0.0,56
7,0.5907,0.5928,0.1467,0.1339,3.5607,3.5154,5.4959,6.5825,0.0,0.0,0.0065,0.006,0.0,0.0,57
8,0.5907,0.5925,0.1468,0.1339,3.5594,3.5204,5.4865,6.5738,0.0,0.0,0.0075,0.0076,0.0,0.0,58
9,0.5908,0.5936,0.1466,0.1338,3.555,3.516,5.51,6.5752,0.0,0.0,0.0069,0.0068,0.0,0.0,59
10,0.5907,0.5933,0.1464,0.1337,3.543,3.5128,5.5152,6.5454,0.0,0.0,0.0066,0.0063,0.0,0.0,60
11,0.5922,0.5931,0.1464,0.1338,3.479,3.4916,5.5072,6.5566,0.0,0.0,0.0067,0.0066,0.0,0.0,61
12,0.5931,0.594,0.146,0.134,3.4078,3.4462,5.4696,6.5189,0.0,0.0,0.0061,0.0058,0.0,0.0,62
13,0.5935,0.5931,0.1455,0.1333,3.3805,3.4386,5.4704,6.5165,0.0,0.0,0.0075,0.0071,0.0,0.0,63
14,0.5935,0.5938,0.1457,0.1335,3.3449,3.4198,5.4747,6.5189,0.0,0.0,0.0076,0.0073,0.0,0.0,64
15,0.5933,0.5939,0.1454,0.1333,3.359,3.4246,5.4773,6.5131,0.0,0.0,0.0082,0.0084,0.0,0.0,65
16,0.5936,0.5944,0.1454,0.1333,3.3093,3.4077,5.4897,6.5221,0.0,0.0,0.0079,0.0077,0.0,0.0,66
17,0.5937,0.5941,0.1452,0.1332,3.2562,3.3748,5.4608,6.5103,0.0,0.0,0.0069,0.0066,0.0,0.0,67
18,0.5943,0.5948,0.1449,0.133,3.2353,3.3672,5.4691,6.4954,0.0,0.0,0.0073,0.0073,0.0,0.0,68
19,0.5958,0.5953,0.1447,0.1332,3.33,3.4397,5.5233,6.499,0.0,0.0,0.0076,0.0076,0.0,0.0,69
20,0.5943,0.5945,0.1452,0.1334,3.5134,3.5787,5.509,6.5134,0.0,0.0,0.0081,0.0078,0.0,0.0,70
21,0.594,0.5946,0.1454,0.1331,3.2838,3.3816,5.457,6.5029,0.0,0.0,0.0065,0.0064,0.0,0.0,71
22,0.595,0.5949,0.144,0.133,3.2456,3.3779,5.4818,6.5155,0.0,0.0,0.0071,0.0071,0.0,0.0,72
23,0.5963,0.5946,0.1439,0.133,3.1659,3.3153,5.4756,6.4865,0.0,0.0,0.006,0.0058,0.0,0.0,73
24,0.597,0.5947,0.1434,0.1327,3.1604,3.2917,5.4903,6.4555,0.0,0.0,0.0063,0.006,0.0,0.0,74
25,0.5978,0.5954,0.1433,0.1327,3.1557,3.2854,5.4977,6.4431,0.0,0.0,0.0063,0.0059,0.0,0.0,75
26,0.5974,0.5955,0.1427,0.1326,3.1446,3.2851,5.4967,6.4224,0.0,0.0,0.0062,0.0061,0.0,0.0,76
27,0.598,0.595,0.1426,0.1328,3.1097,3.2763,5.4756,6.3985,0.0,0.0,0.0066,0.0064,0.0,0.0,77
28,0.5986,0.5957,0.1421,0.1327,3.1069,3.2583,5.4818,6.3868,0.0,0.0,0.007,0.0068,0.0,0.0,78
29,0.5992,0.5958,0.142,0.132,3.0833,3.2363,5.4864,6.3664,0.0,0.0,0.0069,0.0067,0.0,0.0,79
30,0.5996,0.5958,0.1416,0.1325,2.9882,3.1831,5.4445,6.3315,0.0,0.0,0.0059,0.0054,0.0,0.0,80
31,0.6007,0.5963,0.1414,0.1325,3.0131,3.205,5.4527,6.3394,0.0,0.0,0.0069,0.0067,0.0,0.0,81
32,0.6059,0.5965,0.1375,0.1322,3.0405,3.206,5.4457,6.3334,1.2807,0.0,0.007,0.0067,3.0,0.0,82
33,0.7416,0.5975,0.0774,0.1319,2.9493,3.1449,5.4272,6.3153,0.3231,0.0,0.0066,0.0064,16.0,0.0,83
34,0.6256,0.5968,0.1406,0.1318,2.99,3.1584,5.4682,6.3016,0.2915,0.0,0.0072,0.007,10.0,0.0,84
35,0.67,0.5969,0.0996,0.132,2.9986,3.149,5.4806,6.2847,0.2843,0.0,0.007,0.0067,13.0,0.0,85
36,0.6348,0.5982,0.1102,0.1317,2.9878,3.1345,5.4924,6.2924,0.2622,0.0,0.0069,0.0067,12.0,0.0,86
37,0.5984,0.5972,0.1295,0.1323,2.9725,3.1018,5.5121,6.2837,0.0,0.0,0.0067,0.0063,0.0,0.0,87
38,0.5986,0.5976,0.1295,0.132,2.9642,3.0804,5.5256,6.2754,0.0,0.0,0.0065,0.0061,0.0,0.0,88
39,0.6014,0.5964,0.1279,0.1322,2.8623,3.0188,5.4818,6.2524,1.7915,0.0,0.0061,0.0057,2.0,0.0,89
40,0.7385,0.5985,0.0742,0.1315,2.8647,3.0416,5.4658,6.2546,0.3722,0.0,0.0068,0.0066,15.0,0.0,90
41,0.6249,0.5975,0.1332,0.1316,2.857,3.0205,5.4853,6.2389,0.2786,0.0,0.0063,0.006,10.0,0.0,91
42,0.657,0.5982,0.1044,0.1316,2.9166,3.0331,5.5038,6.251,0.2619,0.0,0.0073,0.007,13.0,0.0,92
43,0.6362,0.5982,0.107,0.1315,2.8805,3.0251,5.4924,6.2135,0.2314,3.2936,0.0071,0.0068,13.0,1.0,93
44,0.5859,0.6734,0.1353,0.0967,2.8655,2.9959,5.4953,6.2253,0.0,0.4992,0.0067,0.0064,0.0,10.0,94
45,0.5866,0.6792,0.1349,0.0954,2.8604,2.9753,5.5201,6.2251,0.0,0.1844,0.0068,0.0064,0.0,16.0,95
46,0.5863,0.5899,0.1346,0.1384,2.8352,2.9366,5.5312,6.2352,0.0,0.0,0.0061,0.0055,0.0,0.0,96
47,0.5871,0.5901,0.1347,0.1384,2.8175,2.944,5.5303,6.2225,0.0,0.0,0.0066,0.0063,0.0,0.0,97
48,0.5876,0.5905,0.1343,0.1383,2.769,2.9249,5.5112,6.2156,0.0,0.0,0.0067,0.0065,0.0,0.0,98
49,0.5871,0.5911,0.134,0.1378,2.7227,2.9009,5.4917,6.2066,0.0,0.0,0.0074,0.0074,0.0,0.0,99
50,0.5876,0.5917,0.1342,0.1377,2.7255,2.8968,5.4902,6.2023,0.0,0.0,0.0084,0.0084,0.0,0.0,100
1,0.5875,0.591,0.134,0.1379,2.6996,2.8748,5.4815,6.1884,0.0,0.0,0.008,0.008,0.0,0.0,101
2,0.5884,0.5914,0.1338,0.1381,2.6919,2.8801,5.4938,6.2027,0.0,0.0,0.0067,0.0064,0.0,0.0,102
3,0.5884,0.5914,0.1346,0.1381,2.7035,2.872,5.4952,6.2012,0.0,0.0,0.0073,0.0072,0.0,0.0,103
4,0.5872,0.5912,0.134,0.1373,2.6981,2.8633,5.4977,6.1972,0.0,0.0,0.0072,0.007,0.0,0.0,104
5,0.5886,0.5916,0.1334,0.1378,2.6376,2.8294,5.4579,6.172,0.0,0.0,0.0074,0.0073,0.0,0.0,105
6,0.5894,0.5916,0.1335,0.1376,2.6207,2.7931,5.46,6.1874,0.0,0.0,0.0065,0.0061,0.0,0.0,106
7,0.5897,0.5927,0.1335,0.1377,2.6732,2.8201,5.5146,6.1814,0.0,0.0,0.0071,0.0069,0.0,0.0,107
8,0.589,0.5923,0.1334,0.1376,2.6151,2.8149,5.4951,6.1818,0.0,0.0,0.0064,0.0061,0.0,0.0,108
9,0.5896,0.592,0.1335,0.1374,2.6206,2.8066,5.5019,6.1624,0.0,0.0,0.0067,0.0065,0.0,0.0,109
10,0.5901,0.5928,0.1325,0.1376,2.6363,2.7966,5.5152,6.1398,0.0,0.0,0.007,0.0067,0.0,0.0,110
11,0.5906,0.5922,0.1327,0.1374,2.5957,2.7899,5.5085,6.1403,0.0,0.0,0.007,0.0067,0.0,0.0,111
12,0.5902,0.5928,0.1325,0.137,2.6237,2.7817,5.5166,6.1232,0.0,0.0,0.0074,0.0072,0.0,0.0,112
13,0.5915,0.5927,0.1321,0.1372,2.5717,2.7425,5.5025,6.1057,0.0,0.0,0.0069,0.0065,0.0,0.0,113
14,0.5914,0.5924,0.1321,0.1372,2.5292,2.7146,5.4778,6.1015,0.0,0.0,0.0067,0.0064,0.0,0.0,114
15,0.5912,0.5922,0.1324,0.1372,2.543,2.7157,5.4796,6.0799,0.0,0.0,0.0068,0.0066,0.0,0.0,115
16,0.5911,0.5931,0.132,0.1376,2.5788,2.7163,5.5164,6.082,0.0,0.0,0.0072,0.0069,0.0,0.0,116
17,0.5925,0.5937,0.132,0.1373,2.5693,2.7224,5.5206,6.0579,0.0,0.0,0.0069,0.0066,0.0,0.0,117
18,0.5929,0.5927,0.1313,0.1372,2.5122,2.6774,5.4982,6.0156,0.0,0.0,0.0066,0.0061,0.0,0.0,118
19,0.5932,0.5928,0.1318,0.1371,2.5421,2.6981,5.5042,5.9936,0.0,0.0,0.0074,0.0071,0.0,0.0,119
20,0.5925,0.5942,0.1312,0.137,2.4919,2.663,5.4739,5.9736,0.0,0.0,0.0066,0.0061,0.0,0.0,120
21,0.5932,0.5923,0.1312,0.137,2.429,2.6152,5.4576,5.9333,0.0,0.0,0.0069,0.0069,0.0,0.0,121
22,0.5921,0.5943,0.1313,0.1367,2.4668,2.6471,5.4778,5.9081,0.0,0.0,0.0071,0.0069,0.0,0.0,122
23,0.5933,0.593,0.1316,0.1369,2.4811,2.6719,5.4908,5.891,0.0,0.0,0.0071,0.0071,0.0,0.0,123
24,0.5932,0.5938,0.131,0.137,2.486,2.6794,5.4711,5.811,0.0,0.0,0.0074,0.0074,0.0,0.0,124
25,0.5932,0.5928,0.1307,0.1369,2.4783,2.6278,5.4981,5.7577,0.0,0.0,0.0071,0.0069,0.0,0.0,125
26,0.5947,0.5932,0.1306,0.1367,2.4621,2.6203,5.4934,5.695,0.0,0.0,0.007,0.0069,0.0,0.0,126
27,0.5941,0.5937,0.1308,0.1364,2.4343,2.6141,5.4806,5.6305,0.0,0.0,0.0069,0.0067,0.0,0.0,127
28,0.5954,0.5941,0.1305,0.1367,2.4216,2.6205,5.4652,5.5952,0.0,0.0,0.0071,0.007,0.0,0.0,128
29,0.5948,0.5936,0.1304,0.1369,2.4099,2.5864,5.4814,5.5556,0.0,0.0,0.0069,0.0067,0.0,0.0,129
30,0.5945,0.5947,0.1305,0.1365,2.4221,2.5767,5.4928,5.5214,0.0,0.0,0.007,0.0069,0.0,0.0,130
31,0.5955,0.5948,0.13,0.1366,2.4214,2.5706,5.4871,5.4967,0.0,0.0,0.0072,0.007,0.0,0.0,131
32,0.5954,0.594,0.1304,0.1368,2.4167,2.5661,5.4756,5.4636,0.0,0.0,0.0073,0.0071,0.0,0.0,132
33,0.5956,0.5933,0.1303,0.1367,2.4041,2.5538,5.48,5.4408,0.0,0.0,0.0072,0.007,0.0,0.0,133
34,0.5952,0.5942,0.1302,0.1366,2.3795,2.5812,5.4468,5.4234,0.0,0.0,0.0075,0.0073,0.0,0.0,134
35,0.5956,0.5937,0.1297,0.1363,2.3588,2.5518,5.4342,5.4097,0.0,0.0,0.0073,0.0071,0.0,0.0,135
36,0.5951,0.5943,0.1302,0.1364,2.2855,2.474,5.4138,5.3858,0.0,0.0,0.0062,0.006,0.0,0.0,136
37,0.5956,0.5942,0.1297,0.1365,2.2791,2.4854,5.4235,5.3808,0.0,0.0,0.0073,0.007,0.0,0.0,137
38,0.5958,0.5946,0.1296,0.1367,2.2867,2.4776,5.4268,5.352,0.0,0.0,0.0079,0.0078,0.0,0.0,138
39,0.5963,0.5935,0.1298,0.1364,2.2276,2.4455,5.4087,5.3383,0.0,0.0,0.0061,0.0057,0.0,0.0,139
40,0.5963,0.5949,0.1299,0.1366,2.2365,2.4431,5.3969,5.3384,0.0,0.0,0.0066,0.0063,0.0,0.0,140
41,0.5956,0.594,0.1299,0.1366,2.2535,2.4455,5.4007,5.3173,0.0,0.0,0.007,0.0069,0.0,0.0,141
42,0.5959,0.5937,0.1301,0.1363,2.2799,2.4572,5.4068,5.3163,0.0,0.0,0.0069,0.0068,0.0,0.0,142
43,0.5966,0.5943,0.1303,0.1364,2.2716,2.4478,5.3957,5.2968,0.0,0.0,0.0078,0.0078,0.0,0.0,143
44,0.5957,0.5949,0.1298,0.1361,2.2651,2.4412,5.392,5.2735,0.0,0.0,0.0084,0.0083,0.0,0.0,144
45,0.5956,0.5952,0.1301,0.1362,2.3613,2.5457,5.427,5.2769,0.0,0.0,0.0083,0.0081,0.0,0.0,145
46,0.5957,0.5944,0.1297,0.1368,2.4365,2.6542,5.4195,5.3667,0.0,0.0,0.0077,0.0072,0.0,0.0,146
47,0.5952,0.5942,0.1303,0.1364,2.2911,2.4524,5.3798,5.3282,0.0,0.0,0.0061,0.006,0.0,0.0,147
48,0.5959,0.594,0.13,0.1365,2.2265,2.3946,5.3546,5.2741,0.0,0.0,0.0065,0.0063,0.0,0.0,148
49,0.596,0.5945,0.1297,0.1365,2.2419,2.4137,5.3624,5.2434,0.0,0.0,0.0066,0.0065,0.0,0.0,149
50,0.596,0.5948,0.1299,0.1363,2.2117,2.388,5.3483,5.2465,0.0,0.0,0.007,0.007,0.0,0.0,150
1,0.5963,0.5948,0.1293,0.1363,2.2697,2.4291,5.3594,5.2242,0.0,0.0,0.0077,0.0076,0.0,0.0,151
2,0.5961,0.5941,0.1299,0.1362,2.1922,2.3737,5.315,5.1991,0.0,0.0,0.0068,0.0067,0.0,0.0,152
3,0.5966,0.5947,0.1295,0.1363,2.208,2.3626,5.3102,5.1883,0.0,0.0,0.0084,0.0084,0.0,0.0,153
4,0.5973,0.5953,0.1292,0.1364,2.1684,2.3445,5.2827,5.1635,0.0,0.0,0.0074,0.0072,0.0,0.0,154
5,0.5964,0.5955,0.1294,0.1361,2.1509,2.3336,5.2734,5.1539,0.0,0.0,0.0069,0.0066,0.0,0.0,155
6,0.5968,0.5949,0.1293,0.1361,2.173,2.3424,5.2626,5.1381,0.0,0.0,0.0079,0.0079,0.0,0.0,156
7,0.5975,0.5951,0.129,0.1362,2.1957,2.3431,5.2591,5.1295,0.0,0.0,0.0072,0.0071,0.0,0.0,157
8,0.597,0.5945,0.129,0.1361,2.2232,2.3734,5.2408,5.1182,0.0,0.0,0.0075,0.0074,0.0,0.0,158
9,0.5975,0.5955,0.1285,0.1361,2.166,2.3194,5.1923,5.0982,0.0,0.0,0.007,0.0069,0.0,0.0,159
10,0.5984,0.5948,0.1287,0.1359,2.1674,2.3231,5.2118,5.0826,0.0,0.0,0.0071,0.0069,0.0,0.0,160
11,0.598,0.5955,0.1287,0.1365,2.1293,2.3007,5.1505,5.0779,0.0,0.0,0.0068,0.0066,0.0,0.0,161
12,0.5981,0.5952,0.1288,0.1356,2.1456,2.3135,5.1215,5.0596,0.0,0.0,0.0075,0.0073,0.0,0.0,162
13,0.5977,0.5956,0.1286,0.1359,2.1428,2.3039,5.0993,5.0484,0.0,0.0,0.0071,0.0068,0.0,0.0,163
14,0.5991,0.596,0.1288,0.1361,2.1331,2.2893,5.0711,5.0381,0.0,0.0,0.0074,0.0073,0.0,0.0,164
15,0.5983,0.5956,0.1288,0.1361,2.1798,2.3189,5.0669,5.034,0.0,0.0,0.0074,0.0073,0.0,0.0,165
16,0.5984,0.5948,0.1283,0.136,2.1748,2.3318,5.0376,5.0222,0.0,0.0,0.0073,0.0073,0.0,0.0,166
17,0.5974,0.5946,0.129,0.1361,2.1812,2.3457,5.014,5.0166,0.0,0.0,0.0074,0.0073,0.0,0.0,167
18,0.5977,0.5951,0.1289,0.1357,2.1648,2.3101,4.9902,4.9948,0.0,0.0,0.0071,0.007,0.0,0.0,168
19,0.5983,0.596,0.1287,0.1357,2.156,2.3212,4.9597,4.968,0.0,0.0,0.0072,0.007,0.0,0.0,169
20,0.5982,0.5962,0.1285,0.1359,2.158,2.3061,4.9203,4.9726,0.0,0.0,0.0074,0.0072,0.0,0.0,170
21,0.5987,0.5956,0.1281,0.136,2.1654,2.3054,4.886,4.9695,0.0,0.0,0.0074,0.0072,0.0,0.0,171
22,0.6002,0.5953,0.128,0.1358,2.1152,2.255,4.8346,4.9371,3.4884,0.0,0.007,0.0068,1.0,0.0,172
23,0.7608,0.5953,0.0691,0.1358,2.1129,2.2467,4.7875,4.8959,0.5436,0.0,0.0074,0.0073,13.0,0.0,173
24,0.6385,0.596,0.1182,0.1356,2.2237,2.3507,4.7798,4.8927,0.1584,0.0,0.0083,0.0081,14.0,0.0,174
25,0.6094,0.5969,0.1434,0.1356,2.2299,2.356,4.7582,4.9168,0.6798,0.0,0.008,0.0079,5.0,0.0,175
26,0.7052,0.5946,0.0801,0.1359,2.1311,2.2727,4.6893,4.8746,0.3054,0.0,0.0073,0.0073,15.0,0.0,176
27,0.6311,0.5957,0.1129,0.1361,2.0647,2.229,4.6129,4.8517,0.1984,0.0,0.007,0.0068,13.0,0.0,177
28,0.5974,0.5953,0.1285,0.1358,2.032,2.191,4.5579,4.826,0.0,0.0,0.0071,0.007,0.0,0.0,178
29,0.5978,0.5956,0.1285,0.1359,2.0254,2.2006,4.5043,4.8129,0.0,0.0,0.0071,0.0069,0.0,0.0,179
30,0.5984,0.5967,0.1287,0.1358,2.0663,2.2136,4.4809,4.8084,0.0,0.0,0.0072,0.007,0.0,0.0,180
31,0.598,0.5972,0.1282,0.1355,2.0704,2.2194,4.4532,4.8053,0.0,0.0,0.0071,0.007,0.0,0.0,181
32,0.5981,0.5959,0.1285,0.1355,2.0718,2.2277,4.4531,4.7827,0.0,0.0,0.0069,0.0068,0.0,0.0,182
33,0.599,0.5966,0.1282,0.1354,2.0823,2.2306,4.3908,4.7964,0.0,0.0,0.0071,0.007,0.0,0.0,183
34,0.5982,0.5953,0.1283,0.1357,2.0881,2.2159,4.3479,4.7781,0.0,0.0,0.0073,0.0071,0.0,0.0,184
35,0.5985,0.5961,0.128,0.1358,2.0475,2.1786,4.2854,4.7347,0.0,0.0,0.0069,0.0067,0.0,0.0,185
36,0.5985,0.5952,0.1283,0.1354,2.0904,2.2046,4.278,4.7435,0.0,0.0,0.0073,0.0072,0.0,0.0,186
37,0.5991,0.5958,0.1277,0.1354,2.0656,2.1769,4.2174,4.7183,0.0,0.0,0.0068,0.0066,0.0,0.0,187
38,0.5986,0.5958,0.1279,0.1355,2.083,2.1916,4.1925,4.6925,0.0,0.0,0.0075,0.0073,0.0,0.0,188
39,0.5985,0.5961,0.1278,0.1358,2.0749,2.2069,4.1636,4.683,0.0,0.0,0.0074,0.0073,0.0,0.0,189
40,0.5991,0.5966,0.128,0.1356,2.0599,2.184,4.1531,4.7108,0.0,0.0,0.0071,0.0069,0.0,0.0,190
41,0.5991,0.596,0.1279,0.1352,2.0419,2.1691,4.1197,4.6481,0.0,0.0,0.0071,0.007,0.0,0.0,191
42,0.5993,0.596,0.128,0.1353,2.0343,2.1549,4.0503,4.6251,0.0,0.0,0.0071,0.0069,0.0,0.0,192
43,0.5995,0.5971,0.1281,0.1356,2.0221,2.1484,4.0214,4.6088,0.0,0.0,0.0068,0.0066,0.0,0.0,193
44,0.5992,0.5971,0.128,0.1354,2.0203,2.1441,3.9891,4.5943,0.0,0.0,0.007,0.0067,0.0,0.0,194
45,0.5995,0.5964,0.1276,0.1353,2.0284,2.1525,4.0223,4.574,0.0,0.0,0.0071,0.0069,0.0,0.0,195
46,0.5992,0.5969,0.1277,0.1356,1.981,2.1215,3.9693,4.5562,0.0,0.0,0.0066,0.0064,0.0,0.0,196
47,0.5994,0.597,0.1281,0.136,2.0003,2.1365,3.9374,4.5301,0.0,0.0,0.0071,0.0069,0.0,0.0,197
48,0.5992,0.597,0.1274,0.1353,1.9679,2.1105,3.9122,4.5285,0.0,0.0,0.0065,0.0064,0.0,0.0,198
49,0.5987,0.5968,0.1279,0.1353,1.9728,2.1195,3.8752,4.5198,0.0,0.0,0.0068,0.0066,0.0,0.0,199
50,0.5992,0.5963,0.1277,0.1352,1.9655,2.1015,3.8361,4.4909,0.0,0.0,0.0072,0.0072,0.0,0.0,200
1,0.5999,0.5971,0.1277,0.1354,1.9599,2.1198,3.8452,4.4762,0.0,0.0,0.007,0.0068,0.0,0.0,201
2,0.5998,0.5968,0.1275,0.1351,1.96,2.1029,3.8193,4.4597,0.0,0.0,0.0072,0.0071,0.0,0.0,202
3,0.5998,0.5971,0.1275,0.1353,1.9155,2.0741,3.7653,4.4405,0.0,0.0,0.0066,0.0064,0.0,0.0,203
4,0.6004,0.5968,0.1276,0.1351,1.9201,2.083,3.736,4.4139,0.0,0.0,0.0071,0.0069,0.0,0.0,204
5,0.5996,0.5978,0.1274,0.1351,2.0113,2.129,3.7633,4.4258,0.0,0.0,0.0081,0.0079,0.0,0.0,205
6,0.6038,0.597,0.1251,0.1351,1.9315,2.0786,3.7294,4.4555,1.1133,0.0,0.007,0.0069,3.0,0.0,206
7,0.7172,0.5974,0.0771,0.1354,1.9226,2.0663,3.6996,4.3775,0.3229,0.0,0.0071,0.0071,15.0,0.0,207
8,0.6093,0.5978,0.1328,0.1351,1.9621,2.0977,3.7149,4.3708,0.5101,0.0,0.0073,0.0071,6.0,0.0,208
9,0.6629,0.597,0.0957,0.1352,1.9295,2.0808,3.6738,4.3472,0.2863,0.0,0.0067,0.0066,13.0,0.0,209
10,0.6394,0.5966,0.1023,0.1353,1.924,2.0666,3.6738,4.326,0.2168,0.0,0.007,0.0067,13.0,0.0,210
11,0.5884,0.5976,0.1303,0.1351,2.0089,2.1293,3.6857,4.311,0.0,0.0,0.008,0.008,0.0,0.0,211
12,0.5884,0.5969,0.1305,0.1351,1.9611,2.1095,3.6809,4.3377,0.0,0.0,0.0073,0.0073,0.0,0.0,212
13,0.5886,0.5968,0.1301,0.1351,1.9638,2.1092,3.6618,4.3429,0.0,0.0,0.0072,0.0072,0.0,0.0,213
14,0.5879,0.598,0.1303,0.135,1.9438,2.0856,3.6547,4.3023,0.0,0.0,0.007,0.007,0.0,0.0,214
15,0.5884,0.5976,0.1303,0.1355,1.9614,2.0873,3.6706,4.2988,0.0,0.0,0.0074,0.0073,0.0,0.0,215
16,0.5877,0.5961,0.1304,0.1351,1.9196,2.0618,3.6303,4.2833,0.0,0.0,0.0068,0.0066,0.0,0.0,216
17,0.5886,0.5975,0.1302,0.1348,1.8843,2.0389,3.5693,4.2484,0.0,0.0,0.0072,0.0072,0.0,0.0,217
18,0.5889,0.599,0.13,0.1337,1.8938,2.0383,3.6251,4.1948,0.0,1.0741,0.0068,0.0067,0.0,3.0,218
19,0.5888,0.6784,0.1304,0.0926,1.9436,2.0709,3.6091,4.1965,0.0,0.3489,0.0074,0.0073,0.0,13.0,219
20,0.5888,0.6287,0.1299,0.1141,1.941,2.0751,3.6213,4.2056,0.0,0.2175,0.0073,0.0072,0.0,12.0,220
21,0.5889,0.619,0.1301,0.1172,1.9393,2.0719,3.588,4.2015,0.0,0.5229,0.0072,0.0072,0.0,6.0,221
22,0.5885,0.6591,0.1302,0.0972,1.9046,2.0322,3.5887,4.1563,0.0,0.2463,0.0066,0.0064,0.0,14.0,222
23,0.5892,0.5953,0.13,0.1311,1.9267,2.043,3.622,4.2415,0.0,0.0,0.007,0.0067,0.0,0.0,223
24,0.5896,0.5953,0.1298,0.131,1.9324,2.0686,3.5661,4.2722,0.0,0.0,0.0076,0.0075,0.0,0.0,224
25,0.5889,0.5954,0.1301,0.1311,1.9176,2.0456,3.5458,4.1909,0.0,0.0,0.0072,0.007,0.0,0.0,225
26,0.5893,0.5957,0.1297,0.1305,1.9107,2.0217,3.5093,4.0957,0.0,0.0,0.0069,0.0066,0.0,0.0,226
27,0.5893,0.5956,0.1298,0.1311,1.9151,2.0207,3.508,4.0844,0.0,0.0,0.0071,0.0068,0.0,0.0,227
28,0.5884,0.5954,0.1296,0.1305,1.9082,2.0348,3.5204,4.1036,0.0,0.0,0.0071,0.0069,0.0,0.0,228
29,0.5895,0.5949,0.1297,0.131,1.9081,2.0302,3.5427,4.1536,0.0,0.0,0.0073,0.007,0.0,0.0,229
30,0.5887,0.5957,0.13,0.1313,1.8993,2.0189,3.4785,4.2226,0.0,0.0,0.007,0.0067,0.0,0.0,230
31,0.5889,0.5958,0.1297,0.1307,1.9037,2.0254,3.4456,4.0966,0.0,0.0,0.0072,0.007,0.0,0.0,231
32,0.5892,0.5965,0.1296,0.1307,1.8978,2.0042,3.4553,4.0452,0.0,0.0,0.0071,0.007,0.0,0.0,232
33,0.5887,0.5959,0.13,0.1306,1.9096,2.0351,3.421,4.0251,0.0,0.0,0.0075,0.0074,0.0,0.0,233
34,0.5897,0.5959,0.1295,0.1308,1.9091,2.0629,3.4291,4.0365,0.0,0.0,0.0073,0.0072,0.0,0.0,234
35,0.5899,0.5958,0.1293,0.1304,1.8597,1.9825,3.381,4.0108,0.0,0.0,0.0072,0.0072,0.0,0.0,235
36,0.5897,0.5955,0.13,0.1305,1.8307,1.96,3.3511,3.9926,0.0,0.0,0.0072,0.0071,0.0,0.0,236
37,0.5892,0.5957,0.1294,0.1308,1.8383,1.956,3.34,3.9753,0.0,0.0,0.007,0.0068,0.0,0.0,237
38,0.589,0.5952,0.1297,0.1306,1.8875,1.9983,3.3829,3.9906,0.0,0.0,0.0072,0.007,0.0,0.0,238
39,0.5903,0.5953,0.1298,0.1309,1.8941,2.0075,3.3854,4.0498,0.0,0.0,0.0075,0.0073,0.0,0.0,239
40,0.5899,0.5958,0.1295,0.131,1.8836,2.0048,3.3715,4.0376,0.0,0.0,0.0074,0.0072,0.0,0.0,240
41,0.5902,0.5959,0.1295,0.1303,1.8705,1.9956,3.3581,3.9896,0.0,0.0,0.0072,0.007,0.0,0.0,241
42,0.5899,0.5962,0.1295,0.1306,1.8885,2.0012,3.3981,3.9785,0.0,0.0,0.0074,0.0072,0.0,0.0,242
43,0.5894,0.5949,0.1292,0.1303,1.8017,1.9435,3.2968,4.093,0.0,0.0,0.0067,0.0064,0.0,0.0,243
44,0.5898,0.596,0.1293,0.1308,1.8093,1.9533,3.2487,3.9425,0.0,0.0,0.0083,0.0081,0.0,0.0,244
45,0.5901,0.5958,0.1294,0.1309,1.8081,1.934,3.2205,3.9052,0.0,0.0,0.0088,0.0087,0.0,0.0,245
46,0.5899,0.5955,0.1291,0.1304,1.7942,1.93,3.2045,3.8753,0.0,0.0,0.0076,0.0075,0.0,0.0,246
47,0.5907,0.5969,0.1294,0.1306,1.788,1.9332,3.2077,3.8916,0.0,0.0,0.0075,0.0075,0.0,0.0,247
48,0.5904,0.5964,0.1293,0.1305,1.7789,1.942,3.1899,3.8732,0.0,0.0,0.0079,0.0077,0.0,0.0,248
49,0.5903,0.5978,0.1295,0.1305,1.8236,1.9619,3.2044,3.875,0.0,0.0,0.0081,0.008,0.0,0.0,249
50,0.5892,0.5951,0.1296,0.1306,1.8707,2.0195,3.2784,3.9296,0.0,0.0,0.0079,0.0079,0.0,0.0,250
1,0.5905,0.5959,0.1296,0.1301,1.834,1.9506,3.2367,3.9025,0.0,0.0,0.0073,0.0072,0.0,0.0,251
2,0.5904,0.596,0.1294,0.1306,1.8346,1.9502,3.3071,3.8779,0.0,0.0,0.0072,0.007,0.0,0.0,252
3,0.5902,0.5964,0.1294,0.1303,1.8206,1.9302,3.3117,3.8513,0.0,0.0,0.0069,0.0067,0.0,0.0,253
4,0.5903,0.5963,0.1296,0.1305,1.8388,1.9487,3.2515,3.8551,0.0,0.0,0.007,0.0067,0.0,0.0,254
5,0.5906,0.5965,0.1296,0.1307,1.8249,1.9349,3.224,3.8303,0.0,0.0,0.0069,0.0066,0.0,0.0,255
6,0.5904,0.5955,0.1295,0.1307,1.8241,1.9445,3.2628,3.8224,0.0,0.0,0.0073,0.0071,0.0,0.0,256
7,0.5897,0.5972,0.1291,0.1305,1.8161,1.934,3.1917,3.8383,0.0,0.0,0.0071,0.0069,0.0,0.0,257
8,0.5906,0.5961,0.129,0.1306,1.7995,1.9247,3.2273,3.8281,0.0,0.0,0.0068,0.0066,0.0,0.0,258
9,0.5901,0.5969,0.1292,0.1302,1.8048,1.9453,3.2597,3.8349,0.0,0.0,0.0076,0.0075,0.0,0.0,259
10,0.5903,0.5963,0.1293,0.1304,1.7963,1.9384,3.2166,3.839,0.0,0.0,0.0073,0.0071,0.0,0.0,260
11,0.5907,0.5964,0.129,0.1303,1.7756,1.9115,3.156,3.81,0.0,0.0,0.0066,0.0065,0.0,0.0,261
12,0.5911,0.5965,0.1289,0.1306,1.7333,1.8941,3.1073,3.8099,0.0,0.0,0.0063,0.006,0.0,0.0,262
13,0.5911,0.5967,0.1291,0.1303,1.751,1.8823,3.1053,3.7928,0.0,0.0,0.0068,0.0067,0.0,0.0,263
14,0.5906,0.5972,0.1288,0.1305,1.7807,1.8961,3.1407,3.7639,0.0,0.0,0.0073,0.0071,0.0,0.0,264
15,0.591,0.5967,0.1287,0.1301,1.7953,1.9427,3.1618,3.7837,0.0,0.0,0.0074,0.0072,0.0,0.0,265
16,0.5909,0.5959,0.1293,0.1305,1.7346,1.8817,3.1124,3.8187,0.0,0.0,0.0067,0.0067,0.0,0.0,266
17,0.5909,0.5956,0.1292,0.1307,1.7194,1.8698,3.0537,3.749,0.0,0.0,0.007,0.007,0.0,0.0,267
18,0.5907,0.5964,0.1291,0.13,1.7423,1.9111,3.0712,3.7609,0.0,0.0,0.0074,0.0073,0.0,0.0,268
19,0.5912,0.5978,0.1289,0.1301,1.745,1.8789,3.0943,3.7663,0.0,0.0,0.0065,0.0064,0.0,0.0,269
20,0.5909,0.5968,0.129,0.1306,1.7442,1.8944,3.0926,3.7339,0.0,0.0,0.007,0.007,0.0,0.0,270
21,0.5917,0.5963,0.1287,0.1299,1.7669,1.9051,3.0796,3.7309,0.0,0.0,0.0074,0.0072,0.0,0.0,271
22,0.5911,0.5968,0.1292,0.1304,1.7368,1.8831,3.1128,3.7539,0.0,0.0,0.0064,0.0062,0.0,0.0,272
23,0.5913,0.5971,0.1286,0.1304,1.7014,1.8405,3.0555,3.6998,0.0,0.0,0.0061,0.006,0.0,0.0,273
24,0.5912,0.5974,0.129,0.1302,1.738,1.8675,3.0606,3.7083,0.0,0.0,0.0068,0.0067,0.0,0.0,274
25,0.5911,0.5962,0.1288,0.1305,1.722,1.8808,3.0094,3.6929,0.0,0.0,0.0072,0.0071,0.0,0.0,275
26,0.5907,0.5972,0.129,0.1304,1.7782,1.9046,3.0597,3.7413,0.0,0.0,0.0077,0.0076,0.0,0.0,276
27,0.5914,0.5967,0.1284,0.1302,1.7644,1.9033,3.0721,3.7581,0.0,0.0,0.0071,0.0071,0.0,0.0,277
28,0.5909,0.5964,0.1289,0.1303,1.7604,1.9083,3.0382,3.6924,0.0,0.0,0.0074,0.0073,0.0,0.0,278
29,0.5914,0.5961,0.1289,0.1306,1.8328,1.9613,3.0904,3.7222,0.0,0.0,0.0081,0.008,0.0,0.0,279
30,0.5915,0.5973,0.1288,0.1301,1.7721,1.9064,3.0599,3.7111,0.0,0.0,0.0076,0.0075,0.0,0.0,280
31,0.5909,0.5973,0.1289,0.1306,1.7193,1.861,3.0232,3.6937,0.0,0.0,0.0067,0.0066,0.0,0.0,281
32,0.5912,0.5976,0.1285,0.1306,1.7202,1.857,3.0263,3.6596,0.0,0.0,0.0072,0.0069,0.0,0.0,282
33,0.5925,0.597,0.1284,0.1301,1.724,1.8587,3.0331,3.663,0.0,0.0,0.0072,0.007,0.0,0.0,283
34,0.5912,0.597,0.1287,0.1297,1.8236,1.9661,3.1483,3.7047,0.0,0.0,0.008,0.008,0.0,0.0,284
35,0.5914,0.5971,0.1284,0.1303,1.7416,1.869,3.0633,3.6666,0.0,0.0,0.0069,0.0068,0.0,0.0,285
36,0.5916,0.5973,0.1285,0.1304,1.702,1.8409,2.9748,3.6364,0.0,0.0,0.0069,0.0068,0.0,0.0,286
37,0.5915,0.5967,0.1285,0.1299,1.7262,1.8614,2.9755,3.6252,0.0,0.0,0.0072,0.0071,0.0,0.0,287
38,0.5909,0.5964,0.1284,0.1301,1.7379,1.8837,2.9839,3.6547,0.0,0.0,0.0074,0.0073,0.0,0.0,288
39,0.5917,0.5978,0.1283,0.1301,1.7227,1.8524,2.981,3.6311,0.0,0.0,0.0073,0.0072,0.0,0.0,289
40,0.5917,0.5976,0.1291,0.1299,1.7267,1.8616,2.9995,3.6462,0.0,0.0,0.0072,0.007,0.0,0.0,290
41,0.5922,0.598,0.1286,0.1301,1.7326,1.859,2.9801,3.6283,0.0,0.0,0.0075,0.0074,0.0,0.0,291
42,0.5933,0.5974,0.1285,0.1303,1.7388,1.8538,2.9766,3.6164,0.0,0.0,0.0073,0.0071,0.0,0.0,292
43,0.5921,0.5971,0.1285,0.13,1.7474,1.882,2.9807,3.6367,0.0,0.0,0.0075,0.0075,0.0,0.0,293
44,0.5916,0.5968,0.1283,0.1299,1.7345,1.8684,2.9788,3.6152,0.0,0.0,0.0072,0.007,0.0,0.0,294
45,0.5925,0.5968,0.1283,0.1304,1.7404,1.8576,2.9526,3.5894,0.0,0.0,0.0076,0.0075,0.0,0.0,295
46,0.5927,0.5967,0.1287,0.1305,1.7354,1.8587,2.9397,3.5909,0.0,0.0,0.0078,0.0076,0.0,0.0,296
47,0.593,0.5973,0.1283,0.1302,1.6472,1.8048,2.8815,3.5625,0.0,0.0,0.0062,0.0059,0.0,0.0,297
48,0.5918,0.5979,0.128,0.1306,1.7001,1.8464,2.9028,3.5649,0.0,0.0,0.0075,0.0072,0.0,0.0,298
49,0.5923,0.5973,0.1278,0.13,1.7174,1.8587,2.9538,3.6418,0.0,0.0,0.0075,0.0073,0.0,0.0,299
50,0.5929,0.5973,0.1282,0.1299,1.6622,1.8055,2.9263,3.6142,0.0,0.0,0.0067,0.0067,0.0,0.0,300
1,0.5924,0.5976,0.1277,0.13,1.6551,1.7957,2.8748,3.5564,0.0,0.0,0.0072,0.007,0.0,0.0,301
2,0.5926,0.5962,0.128,0.1302,1.6895,1.8198,2.8908,3.551,0.0,0.0,0.007,0.007,0.0,0.0,302
3,0.5918,0.5972,0.128,0.13,1.7043,1.8446,2.9742,3.5405,0.0,0.0,0.0069,0.0068,0.0,0.0,303
4,0.5928,0.5966,0.1279,0.1299,1.6927,1.8271,2.9248,3.5563,0.0,0.0,0.0072,0.0071,0.0,0.0,304
5,0.5929,0.5972,0.1281,0.1296,1.6959,1.8289,2.907,3.528,0.0,0.0,0.0072,0.0071,0.0,0.0,305
6,0.5922,0.598,0.1282,0.1299,1.7036,1.831,2.9412,3.6213,0.0,0.0,0.0071,0.007,0.0,0.0,306
7,0.5936,0.5975,0.1277,0.1301,1.7071,1.8289,2.939,3.6011,0.0,0.0,0.007,0.0068,0.0,0.0,307
8,0.5924,0.5975,0.1278,0.1299,1.7068,1.8166,2.946,3.5574,0.0,0.0,0.007,0.0069,0.0,0.0,308
9,0.5924,0.5983,0.128,0.1299,1.702,1.8213,2.938,3.5252,0.0,0.0,0.0072,0.007,0.0,0.0,309
10,0.5927,0.5971,0.1277,0.13,1.7062,1.8512,2.8866,3.5376,0.0,0.0,0.0075,0.0074,0.0,0.0,310
11,0.5934,0.5974,0.128,0.13,1.6766,1.8104,2.8503,3.5696,0.0,0.0,0.0071,0.0069,0.0,0.0,311
12,0.5927,0.5978,0.1278,0.1304,1.688,1.8234,2.8701,3.5858,0.0,0.0,0.007,0.0069,0.0,0.0,312
13,0.5936,0.5983,0.1279,0.1302,1.6603,1.8131,2.8326,3.5517,0.0,0.0,0.0071,0.007,0.0,0.0,313
14,0.593,0.5977,0.128,0.1295,1.6656,1.8123,2.909,3.5039,0.0,0.0,0.0068,0.0065,0.0,0.0,314
15,0.5928,0.5978,0.128,0.1301,1.6927,1.8149,2.8924,3.5321,0.0,0.0,0.0072,0.0071,0.0,0.0,315
16,0.5937,0.5978,0.1276,0.1297,1.6963,1.8212,2.8911,3.5537,0.0,0.0,0.0072,0.0071,0.0,0.0,316
17,0.5936,0.5989,0.1276,0.1295,1.6873,1.8097,2.9067,3.5104,0.0,3.1151,0.0064,0.0062,0.0,1.0,317
18,0.5936,0.6464,0.1274,0.1054,1.6582,1.796,2.8386,3.5404,0.0,0.5157,0.0068,0.0067,0.0,8.0,318
19,0.5944,0.6995,0.1278,0.0845,1.6741,1.8027,2.8246,3.5217,0.0,0.2121,0.0074,0.0073,0.0,17.0,319
20,0.5941,0.6041,0.1274,0.128,1.649,1.7867,2.8453,3.4827,0.0,1.0054,0.007,0.0067,0.0,3.0,320
21,0.5938,0.6614,0.1275,0.0943,1.6578,1.7955,2.8341,3.4705,0.0,0.3507,0.0071,0.007,0.0,12.0,321
22,0.5937,0.6331,0.1274,0.1057,1.6908,1.808,2.8986,3.4607,0.0,0.2034,0.0074,0.0073,0.0,13.0,322
23,0.5932,0.5964,0.1274,0.1259,1.6906,1.798,2.9003,3.4803,0.0,0.0,0.0071,0.0069,0.0,0.0,323
24,0.5941,0.5961,0.127,0.1257,1.6642,1.7869,2.8579,3.4694,0.0,0.0,0.0067,0.0065,0.0,0.0,324
25,0.5939,0.5974,0.1274,0.1254,1.6244,1.761,2.7931,3.4573,0.0,0.0,0.0075,0.0074,0.0,0.0,325
26,0.5939,0.5963,0.1276,0.1256,1.6225,1.7543,2.7488,3.4345,0.0,0.0,0.0068,0.0067,0.0,0.0,326
27,0.5935,0.5967,0.1273,0.1255,1.6466,1.7907,2.7699,3.4355,0.0,0.0,0.0074,0.0072,0.0,0.0,327
28,0.5935,0.5968,0.1278,0.1257,1.6702,1.8085,2.7794,3.4739,0.0,0.0,0.0076,0.0076,0.0,0.0,328
29,0.5934,0.5966,0.1274,0.1255,1.6324,1.7951,2.7937,3.4666,0.0,2.9351,0.0067,0.0065,0.0,1.0,329
30,0.5941,0.6505,0.1273,0.1005,1.6644,1.7862,2.9244,3.4599,0.0,0.5121,0.007,0.0069,0.0,8.0,330
31,0.5942,0.6914,0.1272,0.086,1.6842,1.8003,2.9192,3.4372,0.0,0.2083,0.0076,0.0074,0.0,16.0,331
32,0.5938,0.6056,0.1273,0.1257,1.6173,1.7731,2.7846,3.422,0.0,0.721,0.0073,0.0071,0.0,4.0,332
33,0.594,0.6491,0.1271,0.0959,1.6004,1.7451,2.7242,3.4001,0.0,0.349,0.0068,0.0067,0.0,11.0,333
34,0.5943,0.6362,0.1275,0.1008,1.642,1.7902,2.7634,3.4241,0.0,0.201,0.0073,0.0072,0.0,14.0,334
35,0.5936,0.5854,0.1275,0.1284,1.6246,1.7554,2.7529,3.4867,0.0,0.0,0.007,0.0068,0.0,0.0,335
36,0.5936,0.5847,0.1272,0.1283,1.6081,1.7607,2.7537,3.4127,0.0,0.0,0.0068,0.0066,0.0,0.0,336
37,0.5944,0.5852,0.1272,0.1281,1.6489,1.7828,2.7635,3.3884,0.0,0.0,0.0074,0.0073,0.0,0.0,337
38,0.5935,0.5853,0.1273,0.1279,1.648,1.773,2.765,3.3917,0.0,0.0,0.0075,0.0072,0.0,0.0,338
39,0.5934,0.5852,0.1269,0.1278,1.6417,1.77,2.7618,3.4187,0.0,0.0,0.0072,0.007,0.0,0.0,339
40,0.594,0.5862,0.1272,0.1282,1.6407,1.7787,2.7725,3.4339,0.0,0.0,0.0073,0.007,0.0,0.0,340
41,0.5948,0.5867,0.127,0.128,1.6721,1.8042,2.7744,3.414,0.0,0.0,0.0078,0.0077,0.0,0.0,341
42,0.5945,0.5851,0.1271,0.1279,1.6351,1.7737,2.7559,3.4028,0.0,0.0,0.0073,0.0072,0.0,0.0,342
43,0.5942,0.5851,0.127,0.1283,1.6293,1.7731,2.7299,3.4087,0.0,0.0,0.0071,0.007,0.0,0.0,343
44,0.5949,0.5852,0.1265,0.1277,1.6406,1.7716,2.7709,3.4364,0.0,0.0,0.007,0.0069,0.0,0.0,344
45,0.5946,0.5854,0.1267,0.1279,1.6042,1.7424,2.764,3.4128,0.0,0.0,0.0072,0.007,0.0,0.0,345
46,0.5946,0.5851,0.1271,0.1278,1.597,1.7416,2.6931,3.3975,0.0,0.0,0.0073,0.0071,0.0,0.0,346
47,0.5957,0.5851,0.1272,0.128,1.5799,1.7393,2.6683,3.3488,0.0,0.0,0.0069,0.0067,0.0,0.0,347
48,0.595,0.5855,0.1271,0.128,1.5685,1.7308,2.6577,3.3555,0.0,0.0,0.0077,0.0075,0.0,0.0,348
49,0.5947,0.5849,0.127,0.1278,1.586,1.7241,2.6649,3.3116,0.0,0.0,0.0074,0.007,0.0,0.0,349
50,0.5945,0.5853,0.127,0.1282,1.6121,1.7416,2.6788,3.3285,0.0,0.0,0.0076,0.0075,0.0,0.0,350
1,0.5951,0.5857,0.127,0.1277,1.5816,1.7288,2.6756,3.3269,0.0,0.0,0.0069,0.0067,0.0,0.0,351
2,0.5946,0.5857,0.127,0.1281,1.5759,1.7201,2.654,3.3222,0.0,0.0,0.0067,0.0066,0.0,0.0,352
3,0.5954,0.5855,0.1269,0.1277,1.578,1.7145,2.6783,3.3398,0.0,0.0,0.007,0.0069,0.0,0.0,353
4,0.594,0.5861,0.1273,0.1282,1.5645,1.713,2.7,3.3427,0.0,0.0,0.0069,0.0068,0.0,0.0,354
5,0.5954,0.5858,0.1269,0.1277,1.549,1.6985,2.6678,3.3209,0.0,0.0,0.0061,0.006,0.0,0.0,355
6,0.5946,0.585,0.1271,0.1279,1.5984,1.7296,2.6654,3.3182,0.0,0.0,0.0074,0.0073,0.0,0.0,356
7,0.5956,0.5861,0.1269,0.1278,1.5866,1.7206,2.669,3.3392,0.0,0.0,0.0073,0.0072,0.0,0.0,357
8,0.594,0.5855,0.127,0.1278,1.5688,1.717,2.6409,3.3129,0.0,0.0,0.0071,0.0069,0.0,0.0,358
9,0.5946,0.5857,0.1269,0.1276,1.5858,1.7313,2.6528,3.3167,0.0,0.0,0.0073,0.0071,0.0,0.0,359
10,0.5944,0.5855,0.1269,0.1284,1.5702,1.7098,2.675,3.3451,0.0,0.0,0.0069,0.0068,0.0,0.0,360
11,0.5946,0.5855,0.1269,0.128,1.6078,1.7522,2.6706,3.4063,0.0,0.0,0.0072,0.0073,0.0,0.0,361
12,0.5952,0.5858,0.1267,0.1278,1.5938,1.7376,2.6824,3.4346,0.0,0.0,0.0068,0.0068,0.0,0.0,362
13,0.5948,0.5849,0.1266,0.1279,1.5914,1.7244,2.6667,3.3697,0.0,0.0,0.007,0.0068,0.0,0.0,363
14,0.5953,0.5853,0.1267,0.1277,1.5732,1.7105,2.6489,3.3173,0.0,0.0,0.0074,0.0071,0.0,0.0,364
15,0.5952,0.5859,0.1265,0.1274,1.5595,1.7002,2.6261,3.3609,0.0,0.0,0.0071,0.0069,0.0,0.0,365
16,0.5953,0.5854,0.1267,0.1279,1.5888,1.7401,2.6588,3.3327,0.0,0.0,0.0072,0.007,0.0,0.0,366
17,0.5947,0.5857,0.1268,0.128,1.5732,1.7157,2.6348,3.3028,0.0,0.0,0.0069,0.0069,0.0,0.0,367
18,0.5957,0.5859,0.1266,0.1278,1.5708,1.7064,2.6303,3.2879,0.0,0.0,0.0068,0.0067,0.0,0.0,368
19,0.5953,0.5859,0.1268,0.1278,1.5832,1.7163,2.6257,3.3426,0.0,0.0,0.0073,0.0073,0.0,0.0,369
20,0.5949,0.5862,0.1268,0.1279,1.5832,1.7292,2.6216,3.3272,0.0,0.0,0.0074,0.0073,0.0,0.0,370
21,0.5952,0.5857,0.1266,0.1279,1.5775,1.7162,2.6138,3.2804,0.0,0.0,0.0074,0.0072,0.0,0.0,371
22,0.5953,0.586,0.1268,0.1277,1.6948,1.9211,2.8606,3.3454,0.0,0.0,0.0077,0.0075,0.0,0.0,372
23,0.5951,0.5856,0.1266,0.128,1.5948,1.7108,2.7515,3.2943,0.0,0.0,0.0066,0.0064,0.0,0.0,373
24,0.5952,0.5855,0.1269,0.1281,1.5757,1.7121,2.6536,3.2852,0.0,0.0,0.0073,0.0071,0.0,0.0,374
25,0.5945,0.5853,0.1268,0.1279,1.5392,1.6855,2.6243,3.2492,0.0,0.0,0.0069,0.0067,0.0,0.0,375
26,0.5954,0.5854,0.1268,0.1278,1.5678,1.7064,2.6062,3.2519,0.0,0.0,0.0073,0.0071,0.0,0.0,376
27,0.595,0.5866,0.1268,0.1275,1.5885,1.7265,2.6116,3.4685,0.0,0.0,0.0077,0.0075,0.0,0.0,377
28,0.5957,0.5863,0.1263,0.1274,1.6409,1.7569,2.6424,3.4362,0.0,0.0,0.008,0.0077,0.0,0.0,378
29,0.5954,0.586,0.1266,0.1277,1.804,1.8828,2.7528,3.3371,0.0,0.0,0.0094,0.0091,0.0,0.0,379
30,0.5952,0.5864,0.1268,0.1276,1.6676,1.7993,2.7079,3.3288,0.0,0.0,0.0078,0.0076,0.0,0.0,380
31,0.5952,0.585,0.1265,0.128,1.595,1.7455,2.6563,3.3003,0.0,0.0,0.0079,0.0077,0.0,0.0,381
32,0.5952,0.5859,0.1267,0.1281,1.5163,1.6701,2.5713,3.2407,0.0,0.0,0.007,0.0067,0.0,0.0,382
33,0.596,0.5862,0.1266,0.128,1.5114,1.6722,2.5415,3.2557,0.0,0.0,0.007,0.0069,0.0,0.0,383
34,0.5957,0.5868,0.1265,0.128,1.5258,1.6754,2.5471,3.2347,0.0,0.0,0.0072,0.007,0.0,0.0,384
35,0.5961,0.5865,0.1261,0.1277,1.5503,1.6806,2.5672,3.2482,0.0,0.0,0.0073,0.007,0.0,0.0,385
36,0.5957,0.5865,0.126,0.1275,1.5514,1.6779,2.5871,3.2758,0.0,0.0,0.007,0.0067,0.0,0.0,386
37,0.5967,0.5854,0.1264,0.1274,1.5051,1.6496,2.662,3.2836,0.0,0.0,0.0063,0.0061,0.0,0.0,387
38,0.596,0.5859,0.1262,0.128,1.5307,1.6798,2.5841,3.2299,0.0,0.0,0.0074,0.0073,0.0,0.0,388
39,0.5967,0.586,0.1268,0.1277,1.5454,1.7039,2.5649,3.226,0.0,0.0,0.0077,0.0075,0.0,0.0,389
40,0.5956,0.5855,0.1266,0.1273,1.5526,1.7147,2.579,3.2398,0.0,0.0,0.0072,0.0071,0.0,0.0,390
41,0.5955,0.586,0.1262,0.1277,1.639,1.7631,2.7716,3.28,0.0,0.0,0.0074,0.0073,0.0,0.0,391
42,0.5956,0.5862,0.1262,0.1276,1.527,1.6519,2.9191,3.3164,0.0,0.0,0.006,0.006,0.0,0.0,392
43,0.5963,0.5861,0.1263,0.1276,1.503,1.6487,2.6076,3.2422,0.0,0.0,0.0066,0.0064,0.0,0.0,393
44,0.5965,0.5856,0.1264,0.128,1.556,1.686,2.572,3.2097,0.0,0.0,0.0075,0.0073,0.0,0.0,394
45,0.5949,0.586,0.1265,0.1281,1.5821,1.7056,2.5857,3.2166,0.0,0.0,0.0078,0.0077,0.0,0.0,395
46,0.5954,0.5867,0.1264,0.1276,1.6368,1.786,2.6862,3.2477,0.0,0.0,0.0086,0.0084,0.0,0.0,396
47,0.5961,0.5866,0.1263,0.1279,1.5351,1.6847,2.5743,3.2139,0.0,0.0,0.0069,0.0067,0.0,0.0,397
48,0.5961,0.5862,0.126,0.1277,1.5021,1.6482,2.5454,3.2079,0.0,0.0,0.0073,0.0071,0.0,0.0,398
49,0.5963,0.5869,0.1262,0.1275,1.5261,1.6586,2.5405,3.1896,0.0,0.0,0.0075,0.0073,0.0,0.0,399
50,0.5953,0.5865,0.1263,0.1277,1.4958,1.6469,2.5261,3.173,0.0,0.0,0.0078,0.0076,0.0,0.0,400
1,0.5957,0.586,0.1263,0.1277,1.4927,1.6443,2.5133,3.187,0.0,0.0,0.0069,0.0067,0.0,0.0,401
2,0.5958,0.587,0.1261,0.1274,1.5339,1.6684,2.5455,3.1861,0.0,0.0,0.0072,0.0071,0.0,0.0,402
3,0.5968,0.5865,0.1262,0.1275,1.5208,1.6703,2.5153,3.1896,0.0,0.0,0.0073,0.0073,0.0,0.0,403
4,0.5965,0.5865,0.126,0.1276,1.4613,1.6245,2.474,3.1691,0.0,0.0,0.0069,0.0066,0.0,0.0,404
5,0.5968,0.5863,0.126,0.1274,1.4722,1.621,2.4699,3.1955,0.0,0.0,0.0075,0.0073,0.0,0.0,405
6,0.5963,0.5866,0.1259,0.1274,1.4929,1.6257,2.4814,3.1997,0.0,0.0,0.007,0.0068,0.0,0.0,406
7,0.5969,0.5864,0.1263,0.1275,1.5821,1.8019,2.6832,3.2405,0.0,0.0,0.0079,0.0077,0.0,0.0,407
8,0.5959,0.5869,0.1262,0.1275,1.5272,1.714,2.9783,3.2439,0.0,0.0,0.0062,0.0059,0.0,0.0,408
9,0.5958,0.5863,0.1263,0.1278,1.5167,1.6426,2.681,3.1963,0.0,0.0,0.0072,0.007,0.0,0.0,409
10,0.5956,0.5864,0.1262,0.1278,1.5523,1.6838,2.624,3.1903,0.0,0.0,0.0076,0.0074,0.0,0.0,410
11,0.596,0.5864,0.1262,0.1273,1.6046,1.7183,2.6459,3.1877,0.0,0.0,0.0084,0.0082,0.0,0.0,411
12,0.5964,0.5863,0.1261,0.1271,1.5156,1.6434,2.5866,3.2041,0.0,0.0,0.0071,0.0069,0.0,0.0,412
13,0.5966,0.5867,0.126,0.1275,1.4624,1.6121,2.5269,3.1628,0.0,0.0,0.0069,0.0067,0.0,0.0,413
14,0.597,0.5859,0.1261,0.1278,1.5351,1.6751,2.5365,3.1547,0.0,0.0,0.0078,0.0076,0.0,0.0,414
15,0.5963,0.5873,0.1262,0.1275,1.6032,1.7348,2.5696,3.204,0.0,0.0,0.0083,0.008,0.0,0.0,415
16,0.5966,0.5864,0.1262,0.1273,1.5416,1.6875,2.5404,3.2164,0.0,0.0,0.0078,0.0076,0.0,0.0,416
17,0.5972,0.5864,0.1262,0.1274,1.4986,1.6506,2.5475,3.2177,0.0,0.0,0.0068,0.0066,0.0,0.0,417
18,0.596,0.5866,0.126,0.1271,1.4971,1.6446,2.5384,3.1772,0.0,0.0,0.0073,0.0071,0.0,0.0,418
19,0.597,0.586,0.1258,0.1275,1.4707,1.6192,2.4835,3.1559,0.0,0.0,0.0068,0.0066,0.0,0.0,419
20,0.597,0.587,0.1258,0.1273,1.4938,1.6341,2.4785,3.1396,0.0,0.0,0.0074,0.0072,0.0,0.0,420
21,0.5971,0.5867,0.1259,0.1273,1.4502,1.6093,2.4799,3.1333,0.0,0.0,0.0067,0.0065,0.0,0.0,421
22,0.5969,0.5867,0.126,0.1274,1.478,1.618,2.4965,3.132,0.0,0.0,0.0071,0.0069,0.0,0.0,422
23,0.597,0.5866,0.1261,0.1273,1.5079,1.6469,2.5202,3.1953,0.0,0.0,0.0073,0.0071,0.0,0.0,423
24,0.596,0.5873,0.1257,0.1273,1.5396,1.666,2.5098,3.179,0.0,0.0,0.0078,0.0076,0.0,0.0,424
25,0.5968,0.587,0.1255,0.1275,1.5101,1.6451,2.4894,3.1572,0.0,0.0,0.0075,0.0073,0.0,0.0,425
26,0.5974,0.5863,0.1257,0.1275,1.4876,1.6184,2.4948,3.1386,0.0,0.0,0.0069,0.0067,0.0,0.0,426
27,0.5967,0.5865,0.1259,0.1274,1.462,1.6142,2.4569,3.125,0.0,0.0,0.0065,0.0063,0.0,0.0,427
28,0.597,0.5871,0.1258,0.1273,1.5206,1.6518,2.4663,3.1244,0.0,0.0,0.0077,0.0075,0.0,0.0,428
29,0.5968,0.5862,0.1257,0.1275,1.4423,1.5858,2.4368,3.1162,0.0,0.0,0.0068,0.0066,0.0,0.0,429
30,0.5967,0.5874,0.1256,0.1272,1.4401,1.579,2.4413,3.1087,0.0,0.0,0.0067,0.0066,0.0,0.0,430
31,0.597,0.5876,0.1257,0.127,1.4485,1.6038,2.4301,3.1105,0.0,0.0,0.0071,0.007,0.0,0.0,431
32,0.5972,0.5871,0.126,0.1273,1.4428,1.6033,2.4318,3.1588,0.0,0.0,0.0068,0.0067,0.0,0.0,432
33,0.5971,0.5866,0.1259,0.1274,1.4738,1.6432,2.4436,3.1437,0.0,0.0,0.0074,0.0074,0.0,0.0,433
34,0.5975,0.5872,0.1257,0.1273,1.4531,1.6058,2.4336,3.1247,0.0,0.0,0.0073,0.0072,0.0,0.0,434
35,0.5976,0.5878,0.1257,0.1274,1.4733,1.6246,2.431,3.1146,0.0,0.0,0.0073,0.007,0.0,0.0,435
36,0.5966,0.5872,0.1254,0.1269,1.4757,1.6226,2.4517,3.1206,0.0,0.0,0.0072,0.0069,0.0,0.0,436
37,0.5971,0.5865,0.1254,0.1276,1.4633,1.6019,2.4318,3.1008,0.0,0.0,0.0074,0.0071,0.0,0.0,437
38,0.5974,0.5873,0.1256,0.1276,1.4738,1.6141,2.4388,3.106,0.0,0.0,0.0075,0.0073,0.0,0.0,438
39,0.5979,0.5879,0.1249,0.1271,1.4812,1.6319,2.4725,3.1524,0.0,0.0,0.007,0.0069,0.0,0.0,439
40,0.5982,0.5873,0.1257,0.1272,1.4633,1.6099,2.4749,3.1658,0.0,0.0,0.0071,0.007,0.0,0.0,440
41,0.5977,0.5878,0.1257,0.1271,1.4509,1.5883,2.4473,3.1116,0.0,0.0,0.0071,0.0068,0.0,0.0,441
42,0.5977,0.5873,0.1252,0.1275,1.4619,1.6085,2.4247,3.1101,0.0,0.0,0.0073,0.0072,0.0,0.0,442
43,0.5975,0.5877,0.1254,0.1273,1.4719,1.6065,2.4363,3.1201,0.0,0.0,0.0073,0.007,0.0,0.0,443
44,0.5981,0.5869,0.1255,0.1275,1.4773,1.6211,2.4179,3.1278,0.0,0.0,0.0074,0.0072,0.0,0.0,444
45,0.5975,0.5875,0.1253,0.1271,1.4204,1.5854,2.407,3.1089,0.0,0.0,0.0066,0.0064,0.0,0.0,445
46,0.5985,0.5872,0.1252,0.1271,1.4508,1.5996,2.3911,3.0911,0.0,0.0,0.0075,0.0073,0.0,0.0,446
47,0.5981,0.5869,0.1251,0.127,1.3979,1.5605,2.3685,3.0685,0.0,0.0,0.0069,0.0066,0.0,0.0,447
48,0.5983,0.5876,0.1255,0.1273,1.422,1.5755,2.379,3.055,0.0,0.0,0.0076,0.0073,0.0,0.0,448
49,0.5983,0.5868,0.1255,0.1272,1.4425,1.5733,2.3946,3.068,0.0,0.0,0.007,0.0067,0.0,0.0,449
50,0.598,0.5869,0.1254,0.1275,1.4214,1.5781,2.3897,3.0829,0.0,0.0,0.007,0.0069,0.0,0.0,450
1,0.5983,0.5876,0.1254,0.1273,1.4927,1.6167,2.4104,3.0627,0.0,0.0,0.0082,0.008,0.0,0.0,451
2,0.5984,0.5868,0.1254,0.127,1.4351,1.5902,2.3891,3.0787,0.0,0.0,0.0074,0.0071,0.0,0.0,452
3,0.5979,0.5876,0.125,0.1271,1.4507,1.5904,2.3902,3.0845,0.0,0.0,0.0074,0.0073,0.0,0.0,453
4,0.5973,0.5867,0.125,0.127,1.4208,1.5706,2.3837,3.0792,0.0,0.0,0.0069,0.0066,0.0,0.0,454
5,0.5984,0.5871,0.1249,0.1271,1.4069,1.5583,2.3757,3.0698,0.0,0.0,0.0067,0.0065,0.0,0.0,455
6,0.5982,0.5875,0.1252,0.1273,1.444,1.6049,2.4034,3.0794,0.0,0.0,0.0077,0.0074,0.0,0.0,456
7,0.5977,0.5873,0.125,0.1269,1.4561,1.6159,2.4165,3.0712,0.0,0.0,0.0076,0.0074,0.0,0.0,457
8,0.5979,0.5866,0.1253,0.1271,1.4376,1.5795,2.4022,3.0504,0.0,0.0,0.0071,0.0069,0.0,0.0,458
9,0.598,0.5878,0.1252,0.1272,1.4598,1.6125,2.3953,3.0769,0.0,0.0,0.0075,0.0074,0.0,0.0,459
10,0.5979,0.587,0.1251,0.1271,1.4609,1.6167,2.4458,3.0826,0.0,0.0,0.0075,0.0074,0.0,0.0,460
11,0.5984,0.5873,0.1248,0.1269,1.4545,1.5986,2.4503,3.0957,0.0,0.0,0.0071,0.0069,0.0,0.0,461
12,0.5986,0.5875,0.1249,0.1273,1.4363,1.5747,2.4354,3.0926,0.0,0.0,0.007,0.0067,0.0,0.0,462
13,0.5988,0.5874,0.1248,0.127,1.4629,1.6102,2.4357,3.1032,0.0,0.0,0.0078,0.0076,0.0,0.0,463
14,0.5993,0.5871,0.1248,0.1269,1.4307,1.5633,2.4113,3.0489,0.0,0.0,0.0068,0.0066,0.0,0.0,464
15,0.5981,0.5872,0.1249,0.1269,1.4098,1.561,2.3565,3.0711,0.0,0.0,0.0071,0.0068,0.0,0.0,465
16,0.6002,0.5881,0.1245,0.1267,1.4078,1.5522,2.3536,3.04,3.1515,0.0,0.0071,0.0068,1.0,0.0,466
17,0.7159,0.5875,0.0796,0.1271,1.4114,1.5713,2.3512,3.0651,0.5493,0.0,0.0071,0.0069,11.0,0.0,467
18,0.6582,0.5869,0.1049,0.1273,1.4651,1.5945,2.3823,3.0375,0.144,0.0,0.0079,0.0077,16.0,0.0,468
19,0.5938,0.5878,0.1511,0.1273,1.5756,1.6876,2.451,3.0809,0.0,0.0,0.0086,0.0083,0.0,0.0,469
20,0.5939,0.5878,0.1509,0.1271,1.5056,1.6269,2.4666,3.083,0.0,0.0,0.0078,0.0075,0.0,0.0,470
21,0.5939,0.5873,0.1509,0.1269,1.4118,1.5676,2.3789,3.0795,0.0,0.0,0.0067,0.0064,0.0,0.0,471
22,0.5941,0.5874,0.151,0.1276,1.391,1.5548,2.3367,3.0766,0.0,0.0,0.007,0.0068,0.0,0.0,472
23,0.594,0.5874,0.1507,0.1271,1.3732,1.5304,2.3208,3.0198,0.0,0.0,0.0069,0.0065,0.0,0.0,473
24,0.5933,0.5875,0.1509,0.1272,1.3861,1.5362,2.3182,3.0102,0.0,0.0,0.0078,0.0075,0.0,0.0,474
25,0.5931,0.5872,0.151,0.1271,1.3646,1.5224,2.316,3.0057,0.0,0.0,0.0067,0.0065,0.0,0.0,475
26,0.5934,0.5879,0.1508,0.1269,1.3964,1.5445,2.3319,3.0113,0.0,0.0,0.0071,0.0069,0.0,0.0,476
27,0.5934,0.588,0.1506,0.1267,1.4536,1.5861,2.3862,3.0519,0.0,0.0,0.008,0.0078,0.0,0.0,477
28,0.5932,0.5873,0.151,0.127,1.3744,1.5502,2.3349,3.0347,0.0,0.0,0.0067,0.0066,0.0,0.0,478
29,0.5933,0.5879,0.1511,0.1269,1.373,1.5434,2.314,3.0433,0.0,0.0,0.0067,0.0066,0.0,0.0,479
30,0.5935,0.5881,0.1512,0.127,1.405,1.554,2.3442,3.0545,0.0,0.0,0.0072,0.007,0.0,0.0,480
31,0.5937,0.5882,0.1507,0.1268,1.3936,1.5509,2.3441,3.0855,0.0,0.0,0.0069,0.0066,0.0,0.0,481
32,0.5933,0.5879,0.1509,0.1271,1.421,1.5694,2.3529,3.0328,0.0,0.0,0.0073,0.007,0.0,0.0,482
33,0.5938,0.5875,0.1508,0.1268,1.4931,1.6239,2.3745,3.018,0.0,0.0,0.0084,0.0081,0.0,0.0,483
34,0.593,0.5883,0.1508,0.1269,1.4032,1.5403,2.324,2.9998,0.0,0.0,0.0071,0.0069,0.0,0.0,484
35,0.5937,0.5883,0.1507,0.1268,1.4088,1.5511,2.3525,3.0194,0.0,0.0,0.0072,0.0069,0.0,0.0,485
36,0.5946,0.5874,0.1509,0.1273,1.3992,1.5428,2.337,3.0473,0.0,0.0,0.007,0.0068,0.0,0.0,486
37,0.5937,0.5873,0.1509,0.1267,1.4411,1.5638,2.3636,3.0152,0.0,0.0,0.008,0.0078,0.0,0.0,487
38,0.5939,0.5876,0.1504,0.127,1.4285,1.5605,2.3824,3.025,0.0,0.0,0.0075,0.0073,0.0,0.0,488
39,0.5933,0.5873,0.1511,0.1271,1.3673,1.5238,2.3248,3.063,0.0,0.0,0.0067,0.0063,0.0,0.0,489
40,0.5943,0.5881,0.1509,0.1269,1.3884,1.5589,2.318,3.0929,0.0,0.0,0.0073,0.0072,0.0,0.0,490
41,0.5937,0.5886,0.1508,0.127,1.4154,1.5691,2.3519,3.0425,0.0,0.0,0.0075,0.0073,0.0,0.0,491
42,0.5937,0.5889,0.1509,0.1267,1.3933,1.5439,2.3433,3.03,0.0,0.0,0.0066,0.0064,0.0,0.0,492
43,0.5935,0.5886,0.1506,0.1269,1.4077,1.5388,2.3213,3.0047,0.0,0.0,0.0073,0.007,0.0,0.0,493
44,0.5939,0.5884,0.151,0.1264,1.3657,1.5375,2.3208,2.9866,0.0,0.0,0.0069,0.0066,0.0,0.0,494
45,0.5943,0.588,0.1506,0.1269,1.3921,1.5434,2.3057,2.9798,0.0,0.0,0.0077,0.0074,0.0,0.0,495
46,0.5934,0.5883,0.1509,0.1271,1.5511,1.7488,3.6508,3.0925,0.0,0.0,0.0082,0.0079,0.0,0.0,496
47,0.5937,0.5875,0.1506,0.1268,1.4991,1.6047,5.6606,3.088,0.0,0.0,0.0066,0.0064,0.0,0.0,497
48,0.5931,0.5874,0.1512,0.1272,1.4229,1.5624,4.0527,3.2047,0.0,0.0,0.0071,0.007,0.0,0.0,498
49,0.5938,0.5862,0.1503,0.1276,1.4104,1.5598,3.19,4.7664,0.0,0.0,0.0072,0.007,0.0,0.0,499
50,0.5945,0.5872,0.1505,0.1276,1.4112,1.5598,2.8942,3.6401,0.0,0.0,0.0075,0.0072,0.0,0.0,500
1,0.5946,0.5874,0.1505,0.1274,1.4,1.54,2.7559,3.3922,0.0,0.0,0.0073,0.0071,0.0,0.0,501
2,0.5943,0.5868,0.1504,0.127,1.3859,1.5357,2.6469,3.2554,0.0,0.0,0.0069,0.0068,0.0,0.0,502
3,0.5939,0.5883,0.1505,0.127,1.4013,1.5437,2.5942,3.1783,0.0,0.0,0.0071,0.0071,0.0,0.0,503
4,0.594,0.5888,0.1505,0.127,1.3666,1.5382,2.5268,3.1693,0.0,0.0,0.0068,0.0068,0.0,0.0,504
5,0.5946,0.5875,0.1506,0.1269,1.3847,1.5501,2.4967,3.1304,0.0,0.0,0.0075,0.0072,0.0,0.0,505
6,0.595,0.588,0.1505,0.127,1.3798,1.5326,2.465,3.0571,0.0,0.0,0.0075,0.0072,0.0,0.0,506
7,0.5941,0.5877,0.1503,0.1268,1.3547,1.501,2.4255,3.0406,0.0,0.0,0.0073,0.0071,0.0,0.0,507
8,0.5939,0.5881,0.1507,0.1269,1.366,1.5017,2.4172,3.0177,0.0,0.0,0.007,0.0068,0.0,0.0,508
9,0.5943,0.5882,0.1504,0.1269,1.3718,1.5153,2.4107,3.0017,0.0,0.0,0.0076,0.0074,0.0,0.0,509
10,0.5945,0.5878,0.1506,0.1268,1.3819,1.5282,2.4114,3.0164,0.0,0.0,0.0075,0.0073,0.0,0.0,510
11,0.5944,0.5875,0.1504,0.1263,1.4066,1.5447,2.4274,3.0435,0.0,0.0,0.0078,0.0075,0.0,0.0,511
12,0.5942,0.5883,0.1507,0.1268,1.3721,1.526,2.4118,3.0195,0.0,0.0,0.0072,0.0069,0.0,0.0,512
13,0.5939,0.588,0.1504,0.1265,1.3752,1.5039,2.3958,2.9875,0.0,0.0,0.0071,0.0069,0.0,0.0,513
14,0.5942,0.5881,0.1505,0.1269,1.3199,1.4785,2.3705,3.0034,0.0,0.0,0.0064,0.0063,0.0,0.0,514
15,0.5933,0.5883,0.1505,0.1269,1.3571,1.505,2.3672,3.0171,0.0,0.0,0.0071,0.007,0.0,0.0,515
16,0.5948,0.5888,0.1504,0.127,1.4,1.5391,2.3799,3.0391,0.0,0.0,0.0078,0.0076,0.0,0.0,516
17,0.5942,0.588,0.1504,0.1267,1.3717,1.5136,2.3639,2.9769,0.0,0.0,0.0071,0.0068,0.0,0.0,517
18,0.5943,0.5874,0.15,0.1267,1.3831,1.5332,2.3757,2.9881,0.0,0.0,0.0076,0.0074,0.0,0.0,518
19,0.5943,0.5873,0.1507,0.1267,1.3772,1.5368,2.3698,3.008,0.0,0.0,0.0074,0.0072,0.0,0.0,519
20,0.5953,0.5879,0.1506,0.1269,1.3863,1.5282,2.3777,3.0255,0.0,0.0,0.0074,0.0073,0.0,0.0,520
21,0.5943,0.5879,0.1502,0.1267,1.3807,1.5322,2.3811,2.9921,0.0,0.0,0.0075,0.0073,0.0,0.0,521
22,0.5951,0.5887,0.1503,0.1263,1.381,1.5345,2.3551,2.9763,0.0,0.0,0.0077,0.0075,0.0,0.0,522
23,0.594,0.5879,0.1505,0.1269,1.3462,1.5105,2.3241,3.1547,0.0,0.0,0.0072,0.007,0.0,0.0,523
24,0.5945,0.588,0.1501,0.1265,1.366,1.513,2.3508,2.9993,0.0,0.0,0.0073,0.0071,0.0,0.0,524
25,0.5939,0.5877,0.1503,0.1266,1.375,1.5255,2.3284,2.972,0.0,0.0,0.0075,0.0073,0.0,0.0,525
26,0.5942,0.5884,0.1503,0.1267,1.3358,1.489,2.3187,2.952,0.0,0.0,0.0071,0.0069,0.0,0.0,526
27,0.5947,0.59,0.1506,0.1264,1.3616,1.5061,2.33,3.0127,0.0,0.0,0.0071,0.0069,0.0,0.0,527
28,0.595,0.5887,0.1501,0.1266,1.3924,1.5209,2.3258,2.9929,0.0,0.0,0.0078,0.0075,0.0,0.0,528
29,0.5946,0.5887,0.1503,0.1265,1.3467,1.4846,2.2971,2.9724,0.0,0.0,0.0071,0.0068,0.0,0.0,529
30,0.5939,0.5885,0.1504,0.1265,1.3839,1.5174,2.3034,2.9572,0.0,0.0,0.008,0.0078,0.0,0.0,530
31,0.5944,0.5882,0.1503,0.1265,1.3161,1.478,2.2732,2.9202,0.0,0.0,0.0068,0.0066,0.0,0.0,531
32,0.5943,0.5892,0.1505,0.1268,1.3092,1.4736,2.2911,2.9097,0.0,0.0,0.0063,0.006,0.0,0.0,532
33,0.5945,0.5892,0.1502,0.1266,1.3454,1.4952,2.2632,2.9277,0.0,0.0,0.0078,0.0077,0.0,0.0,533
34,0.595,0.589,0.1503,0.1265,1.3548,1.524,2.275,2.9491,0.0,0.0,0.0078,0.0076,0.0,0.0,534
35,0.5948,0.5888,0.1501,0.1265,1.3545,1.5133,2.3128,2.9736,0.0,0.0,0.0075,0.0072,0.0,0.0,535
36,0.5947,0.5895,0.1505,0.1264,1.3367,1.4789,2.3146,2.9516,0.0,0.0,0.0064,0.0061,0.0,0.0,536
37,0.595,0.5889,0.1504,0.1263,1.3394,1.4892,2.2832,2.9268,0.0,0.0,0.0072,0.007,0.0,0.0,537
38,0.5939,0.5892,0.1503,0.1265,1.355,1.4979,2.3114,2.9273,0.0,0.0,0.0074,0.0073,0.0,0.0,538
39,0.5945,0.5892,0.1502,0.1269,1.3536,1.4959,2.2945,2.9421,0.0,0.0,0.0076,0.0074,0.0,0.0,539
40,0.5952,0.5892,0.1501,0.1264,1.3077,1.4528,2.259,2.9232,0.0,0.0,0.0069,0.0067,0.0,0.0,540
41,0.5948,0.5888,0.1502,0.1267,1.3437,1.4899,2.2633,2.9296,0.0,0.0,0.0075,0.0074,0.0,0.0,541
42,0.5948,0.5885,0.1501,0.1268,1.3601,1.5127,2.2797,2.9302,0.0,0.0,0.008,0.0076,0.0,0.0,542
43,0.5953,0.589,0.1501,0.1268,1.3685,1.5118,2.2748,2.9274,0.0,0.0,0.0076,0.0074,0.0,0.0,543
44,0.5949,0.5892,0.1503,0.1266,1.3532,1.4936,2.2774,2.9289,0.0,0.0,0.0076,0.0073,0.0,0.0,544
45,0.5949,0.5888,0.15,0.1266,1.3081,1.4653,2.2622,2.8994,0.0,0.0,0.0073,0.007,0.0,0.0,545
46,0.5947,0.5893,0.1501,0.1266,1.3067,1.4699,2.2455,3.1022,0.0,0.0,0.0069,0.0068,0.0,0.0,546
47,0.5943,0.5891,0.1503,0.1263,1.3217,1.4666,2.2464,2.9409,0.0,0.0,0.0071,0.0069,0.0,0.0,547
48,0.5951,0.5892,0.1504,0.1262,1.3031,1.4515,2.2616,2.9284,0.0,0.0,0.0069,0.0066,0.0,0.0,548
49,0.5944,0.5891,0.1501,0.1265,1.3254,1.469,2.2676,2.9153,0.0,0.0,0.007,0.0068,0.0,0.0,549
50,0.5953,0.5894,0.1504,0.127,1.3264,1.4724,2.2596,2.8932,0.0,0.0,0.0072,0.0069,0.0,0.0,550
1,0.5944,0.5882,0.15,0.1263,1.3309,1.4686,2.2617,2.8847,0.0,0.0,0.0074,0.007,0.0,0.0,551
2,0.5944,0.5889,0.1502,0.1263,1.2965,1.4565,2.2496,2.9186,0.0,0.0,0.0072,0.007,0.0,0.0,552
3,0.5942,0.589,0.15,0.1266,1.326,1.4894,2.252,2.9142,0.0,0.0,0.0076,0.0073,0.0,0.0,553
4,0.5949,0.5883,0.15,0.1262,1.3413,1.5,2.2791,2.9177,0.0,0.0,0.0076,0.0074,0.0,0.0,554
5,0.5948,0.589,0.1504,0.1263,1.3447,1.4946,2.2682,2.9309,0.0,0.0,0.0078,0.0075,0.0,0.0,555
6,0.5947,0.5894,0.1501,0.1264,1.3418,1.4891,2.2745,2.9171,0.0,0.0,0.0077,0.0074,0.0,0.0,556
7,0.5956,0.5893,0.1498,0.1262,1.3335,1.4685,2.2647,2.9041,0.0,0.0,0.0069,0.0066,0.0,0.0,557
8,0.595,0.5889,0.1498,0.1265,1.3091,1.4572,2.236,2.8848,0.0,0.0,0.0071,0.0068,0.0,0.0,558
9,0.5959,0.5894,0.1495,0.1262,1.331,1.4759,2.2384,2.8916,0.0,0.0,0.0075,0.0072,0.0,0.0,559
10,0.5952,0.5885,0.1501,0.1264,1.3693,1.5055,2.2419,2.8969,0.0,0.0,0.0081,0.0079,0.0,0.0,560
11,0.5954,0.5882,0.1496,0.126,1.3345,1.4804,2.251,2.8976,0.0,0.0,0.0077,0.0075,0.0,0.0,561
12,0.5959,0.5893,0.1497,0.126,1.3396,1.4837,2.2561,2.9096,0.0,0.0,0.0077,0.0073,0.0,0.0,562
13,0.5951,0.5888,0.1498,0.1264,1.3338,1.4831,2.2678,2.9082,0.0,0.0,0.0074,0.0071,0.0,0.0,563
14,0.5953,0.5893,0.1495,0.1266,1.3402,1.4751,2.2365,2.8992,0.0,0.0,0.0075,0.0072,0.0,0.0,564
15,0.5958,0.5893,0.1496,0.1262,1.3203,1.4786,2.239,2.8849,0.0,0.0,0.0076,0.0073,0.0,0.0,565
16,0.5964,0.5886,0.1496,0.1265,1.2711,1.4349,2.2014,2.8796,0.0,0.0,0.007,0.0067,0.0,0.0,566
17,0.5954,0.5896,0.1497,0.1263,1.2789,1.4301,2.1844,2.857,0.0,0.0,0.0082,0.0078,0.0,0.0,567
18,0.5949,0.5894,0.1498,0.1262,1.2907,1.4336,2.1846,2.8386,0.0,0.0,0.0078,0.0074,0.0,0.0,568
19,0.5946,0.5892,0.1498,0.1263,1.4044,1.6234,2.2697,2.9019,0.0,0.0,0.0081,0.0078,0.0,0.0,569
20,0.595,0.5894,0.15,0.1262,1.3553,1.5024,2.4088,2.9095,0.0,0.0,0.0063,0.0061,0.0,0.0,570
21,0.5949,0.5886,0.15,0.1267,1.3648,1.4765,2.2958,2.9603,0.0,0.0,0.0076,0.0074,0.0,0.0,571
22,0.5953,0.589,0.1498,0.1262,1.3054,1.4513,2.263,2.9014,0.0,0.0,0.0073,0.0071,0.0,0.0,572
23,0.5956,0.5895,0.1499,0.1263,1.2553,1.4063,2.1878,2.8493,0.0,0.0,0.0064,0.0062,0.0,0.0,573
24,0.5949,0.5891,0.1501,0.1263,1.2561,1.4234,2.1746,2.8344,0.0,0.0,0.0072,0.0068,0.0,0.0,574
25,0.5952,0.5897,0.1499,0.1264,1.2827,1.4376,2.1794,2.8278,0.0,0.0,0.0083,0.0078,0.0,0.0,575
26,0.5954,0.589,0.1498,0.1265,1.256,1.4221,2.1694,2.8248,0.0,0.0,0.0078,0.0074,0.0,0.0,576
27,0.5959,0.5893,0.15,0.1264,1.2858,1.4248,2.1713,2.82,0.0,0.0,0.0089,0.0085,0.0,0.0,577
28,0.5953,0.5898,0.1497,0.1262,1.2833,1.4251,2.157,2.8084,0.0,0.0,0.0091,0.0086,0.0,0.0,578
29,0.5956,0.59,0.1498,0.126,1.2712,1.4143,2.1478,2.8014,0.0,0.0,0.0091,0.0086,0.0,0.0,579
30,0.5955,0.59,0.1497,0.1265,1.2816,1.417,2.1365,2.7925,0.0,0.0,0.0097,0.0093,0.0,0.0,580
31,0.5958,0.5894,0.1494,0.126,1.2694,1.4196,2.124,2.789,0.0,0.0,0.0095,0.0091,0.0,0.0,581
32,0.5955,0.5889,0.1495,0.1261,1.2687,1.4075,2.1225,2.7877,0.0,0.0,0.0095,0.0091,0.0,0.0,582
33,0.5955,0.5891,0.1498,0.1265,1.2607,1.4091,2.1154,2.7803,0.0,0.0,0.0096,0.0091,0.0,0.0,583
34,0.5947,0.5896,0.1497,0.1263,1.2601,1.4059,2.124,2.7804,0.0,0.0,0.0084,0.008,0.0,0.0,584
35,0.5946,0.59,0.1498,0.1263,1.2935,1.4406,2.1564,2.8067,0.0,0.0,0.0082,0.0078,0.0,0.0,585
36,0.5952,0.5896,0.1498,0.1261,1.2669,1.4265,2.1666,2.83,0.0,0.0,0.0073,0.0071,0.0,0.0,586
37,0.5946,0.5902,0.1495,0.126,1.2705,1.4273,2.1713,2.8509,0.0,0.0,0.0074,0.0071,0.0,0.0,587
38,0.5959,0.5895,0.1499,0.1264,1.3307,1.5154,2.1924,2.8707,0.0,0.0,0.0074,0.0072,0.0,0.0,588
39,0.5954,0.5887,0.1503,0.1261,1.3438,1.5274,2.2432,2.8698,0.0,0.0,0.0069,0.0067,0.0,0.0,589
40,0.5956,0.5896,0.1497,0.1262,1.2791,1.4212,2.203,2.8467,0.0,0.0,0.0069,0.0066,0.0,0.0,590
41,0.5947,0.5894,0.1501,0.1264,1.3108,1.4561,2.1951,2.8435,0.0,0.0,0.0079,0.0078,0.0,0.0,591
42,0.5953,0.589,0.1502,0.1265,1.238,1.3998,2.1697,2.8163,0.0,0.0,0.0065,0.0064,0.0,0.0,592
43,0.5954,0.5897,0.1497,0.1262,1.2994,1.4439,2.1637,2.838,0.0,0.0,0.0078,0.0077,0.0,0.0,593
44,0.5954,0.5896,0.15,0.1263,1.2882,1.4391,2.1805,2.8437,0.0,0.0,0.0075,0.0073,0.0,0.0,594
45,0.5948,0.5895,0.1498,0.1263,1.3035,1.4468,2.1851,2.8795,0.0,0.0,0.0078,0.0076,0.0,0.0,595
46,0.596,0.5901,0.1497,0.126,1.3147,1.4475,2.1978,2.889,0.0,0.0,0.0078,0.0075,0.0,0.0,596
47,0.5955,0.5901,0.1495,0.1263,1.2938,1.4239,2.2006,2.8479,0.0,0.0,0.0073,0.007,0.0,0.0,597
48,0.5964,0.5892,0.1497,0.1259,1.2674,1.4134,2.1944,2.8449,0.0,0.0,0.007,0.0066,0.0,0.0,598
49,0.5956,0.5893,0.1499,0.1264,1.2528,1.4002,2.1693,2.829,0.0,0.0,0.007,0.0068,0.0,0.0,599
50,0.595,0.5894,0.1494,0.126,1.2316,1.3843,2.1446,2.8225,0.0,0.0,0.0073,0.007,0.0,0.0,600
1,0.5951,0.5902,0.1502,0.1262,1.2494,1.4067,2.1594,2.8201,0.0,0.0,0.007,0.0067,0.0,0.0,601
2,0.5949,0.589,0.1497,0.1263,1.2654,1.4289,2.1506,2.8289,0.0,0.0,0.0076,0.0074,0.0,0.0,602
3,0.5957,0.5902,0.1496,0.1263,1.2522,1.4158,2.1509,2.8229,0.0,0.0,0.0071,0.0067,0.0,0.0,603
4,0.5955,0.5889,0.1495,0.1264,1.2833,1.4117,2.1555,2.8112,0.0,0.0,0.008,0.0078,0.0,0.0,604
5,0.5951,0.5886,0.1496,0.1262,1.3021,1.4496,2.1832,2.8223,0.0,0.0,0.008,0.0077,0.0,0.0,605
6,0.596,0.5895,0.1497,0.1258,1.4618,1.6179,2.2982,2.8824,0.0,0.0,0.0088,0.0086,0.0,0.0,606
7,0.5959,0.5899,0.1498,0.1263,1.3703,1.4918,2.4064,2.8824,0.0,0.0,0.0074,0.0073,0.0,0.0,607
8,0.5959,0.5897,0.1497,0.1264,1.3008,1.4337,2.2705,2.9312,0.0,0.0,0.0075,0.0073,0.0,0.0,608
9,0.5958,0.5899,0.1496,0.126,1.2938,1.4579,2.1889,2.8851,0.0,0.0,0.0079,0.0077,0.0,0.0,609
10,0.5956,0.5897,0.1497,0.1258,1.2873,1.4457,2.1989,2.8587,0.0,0.0,0.0076,0.0075,0.0,0.0,610
11,0.5954,0.5902,0.1496,0.1258,1.2874,1.4408,2.1886,2.8396,0.0,0.0,0.0077,0.0075,0.0,0.0,611
12,0.5959,0.5899,0.1493,0.1262,1.2789,1.434,2.1991,2.821,0.0,0.0,0.0073,0.0072,0.0,0.0,612
13,0.5958,0.5895,0.1496,0.1257,1.2618,1.4136,2.1736,2.8253,0.0,0.0,0.0073,0.0071,0.0,0.0,613
14,0.5963,0.5901,0.1495,0.1258,1.2373,1.3897,2.1548,2.7799,0.0,0.0,0.0071,0.0067,0.0,0.0,614
15,0.5957,0.5904,0.1493,0.1259,1.3044,1.4473,2.1629,2.805,0.0,0.0,0.0081,0.0077,0.0,0.0,615
16,0.5962,0.5901,0.1497,0.126,1.2371,1.3897,2.1339,2.7889,0.0,0.0,0.0073,0.007,0.0,0.0,616
17,0.5954,0.5898,0.1497,0.1261,1.2231,1.3684,2.1251,2.7692,0.0,0.0,0.0069,0.0066,0.0,0.0,617
18,0.5958,0.5902,0.1491,0.1258,1.2222,1.3892,2.1033,2.7674,0.0,0.0,0.007,0.0067,0.0,0.0,618
19,0.5964,0.5896,0.1491,0.1261,1.2576,1.4083,2.1358,2.78,0.0,0.0,0.0077,0.0074,0.0,0.0,619
20,0.5959,0.5904,0.1495,0.1259,1.237,1.3823,2.1305,2.7752,0.0,0.0,0.0077,0.0074,0.0,0.0,620
21,0.5954,0.5901,0.1496,0.1261,1.2514,1.4021,2.1318,2.7849,0.0,0.0,0.0077,0.0074,0.0,0.0,621
22,0.5968,0.5901,0.149,0.1258,1.2548,1.4068,2.1414,2.806,0.0,0.0,0.0076,0.0073,0.0,0.0,622
23,0.5962,0.5894,0.1497,0.1259,1.2653,1.4142,2.1495,2.795,0.0,0.0,0.0076,0.0072,0.0,0.0,623
24,0.5961,0.59,0.1496,0.126,1.2594,1.394,2.1391,2.782,0.0,0.0,0.007,0.0068,0.0,0.0,624
25,0.5963,0.59,0.1499,0.1263,1.3538,1.5011,2.1844,2.879,0.0,0.0,0.0078,0.0077,0.0,0.0,625
26,0.5956,0.5892,0.1495,0.1262,1.2584,1.3854,2.1812,2.899,0.0,0.0,0.0064,0.0062,0.0,0.0,626
27,0.5966,0.5908,0.1496,0.1262,1.2483,1.3927,2.1347,2.7926,0.0,0.0,0.0075,0.0072,0.0,0.0,627
28,0.596,0.5896,0.1492,0.1258,1.2542,1.3988,2.1168,2.7776,0.0,0.0,0.0078,0.0075,0.0,0.0,628
29,0.5962,0.5894,0.1497,0.1262,1.2473,1.3942,2.1254,2.7761,0.0,0.0,0.0072,0.0069,0.0,0.0,629
30,0.5964,0.5901,0.1494,0.126,1.2399,1.3931,2.1414,2.7866,0.0,0.0,0.0075,0.0073,0.0,0.0,630
31,0.5963,0.5904,0.1491,0.1257,1.2208,1.3771,2.1114,2.7664,0.0,0.0,0.0072,0.0069,0.0,0.0,631
32,0.5967,0.5897,0.1498,0.126,1.2167,1.3841,2.1021,2.7734,0.0,0.0,0.0074,0.0072,0.0,0.0,632
33,0.5959,0.5898,0.1496,0.1259,1.1959,1.353,2.101,2.7468,0.0,0.0,0.0067,0.0064,0.0,0.0,633
34,0.5965,0.5902,0.1492,0.1256,1.2669,1.4256,2.1159,2.7632,0.0,0.0,0.0082,0.0078,0.0,0.0,634
35,0.596,0.5903,0.1493,0.1259,1.2607,1.4044,2.1175,2.8106,0.0,0.0,0.0079,0.0076,0.0,0.0,635
36,0.5966,0.5901,0.1492,0.1258,1.1929,1.3512,2.0843,2.762,0.0,0.0,0.0068,0.0066,0.0,0.0,636
37,0.5965,0.5901,0.1494,0.1258,1.204,1.3622,2.0856,2.766,0.0,0.0,0.008,0.0076,0.0,0.0,637
38,0.5957,0.5902,0.1492,0.1262,1.2684,1.4063,2.1225,2.7451,0.0,0.0,0.008,0.0076,0.0,0.0,638
39,0.5958,0.5905,0.1496,0.1261,1.4013,1.6087,2.2341,2.8441,0.0,0.0,0.0084,0.0081,0.0,0.0,639
40,0.5961,0.59,0.1496,0.126,1.4191,1.5495,2.2581,2.8776,0.0,0.0,0.0081,0.0079,0.0,0.0,640
41,0.5952,0.5896,0.1493,0.1262,1.3024,1.4267,2.2256,2.8516,0.0,0.0,0.0076,0.0074,0.0,0.0,641
42,0.5953,0.59,0.1493,0.1261,1.2718,1.4211,2.1546,2.8119,0.0,0.0,0.008,0.0077,0.0,0.0,642
43,0.5961,0.5901,0.1495,0.126,1.1916,1.3516,2.1019,2.7655,0.0,0.0,0.0071,0.0068,0.0,0.0,643
44,0.5959,0.5896,0.1492,0.1257,1.2263,1.3588,2.0896,2.7553,0.0,0.0,0.0078,0.0075,0.0,0.0,644
45,0.5956,0.59,0.1497,0.1257,1.1856,1.3491,2.0652,2.7257,0.0,0.0,0.0075,0.0072,0.0,0.0,645
46,0.5964,0.5903,0.1494,0.126,1.1986,1.351,2.0607,2.7238,0.0,0.0,0.0078,0.0075,0.0,0.0,646
47,0.5961,0.5897,0.1493,0.1257,1.1965,1.3493,2.065,2.7229,0.0,0.0,0.0076,0.0074,0.0,0.0,647
48,0.596,0.5906,0.1495,0.1258,1.2296,1.3615,2.1014,2.7238,0.0,0.0,0.0074,0.0071,0.0,0.0,648
49,0.5964,0.5898,0.1491,0.126,1.2367,1.3771,2.1134,2.7564,0.0,0.0,0.0076,0.0073,0.0,0.0,649
50,0.5958,0.5899,0.1497,0.1257,1.2412,1.3897,2.1273,2.7885,0.0,0.0,0.0074,0.0071,0.0,0.0,650
1,0.596,0.59,0.1495,0.1258,1.233,1.3833,2.1508,2.7734,0.0,0.0,0.0071,0.0068,0.0,0.0,651
2,0.5963,0.5899,0.1493,0.1258,1.2495,1.3801,2.1682,2.8441,0.0,0.0,0.0068,0.0065,0.0,0.0,652
3,0.5954,0.5899,0.1491,0.126,1.2522,1.4116,2.1638,2.7968,0.0,0.0,0.0076,0.0073,0.0,0.0,653
4,0.5971,0.5902,0.1494,0.1262,1.252,1.4192,2.1389,2.8229,0.0,0.0,0.0077,0.0075,0.0,0.0,654
5,0.5965,0.5894,0.149,0.1261,1.1752,1.3224,2.0859,2.77,0.0,0.0,0.0064,0.0062,0.0,0.0,655
6,0.5965,0.5906,0.149,0.1257,1.194,1.3423,2.0482,2.7436,0.0,0.0,0.0079,0.0078,0.0,0.0,656
7,0.5965,0.5899,0.149,0.1259,1.2046,1.3829,2.0669,2.736,0.0,0.0,0.0075,0.0073,0.0,0.0,657
8,0.5959,0.5911,0.1491,0.126,1.218,1.3809,2.1127,2.7823,0.0,0.0,0.0073,0.0072,0.0,0.0,658
9,0.5965,0.5908,0.1496,0.1258,1.2325,1.3884,2.1158,2.7839,0.0,0.0,0.0076,0.0074,0.0,0.0,659
10,0.5969,0.5907,0.1494,0.1262,1.2359,1.3942,2.1259,2.7886,0.0,0.0,0.0077,0.0075,0.0,0.0,660
11,0.5966,0.5903,0.149,0.1255,1.2452,1.3978,2.1516,2.767,0.0,0.0,0.0078,0.0074,0.0,0.0,661
12,0.597,0.5902,0.1492,0.126,1.2284,1.354,2.1348,2.7419,0.0,0.0,0.0073,0.0069,0.0,0.0,662
13,0.5955,0.5903,0.1491,0.1255,1.2136,1.3656,2.0977,2.7359,0.0,0.0,0.0072,0.007,0.0,0.0,663
14,0.5966,0.591,0.1492,0.126,1.2179,1.3719,2.1007,2.7598,0.0,0.0,0.0073,0.0069,0.0,0.0,664
15,0.5965,0.5907,0.1491,0.1258,1.2272,1.3931,2.1086,2.766,0.0,0.0,0.0074,0.007,0.0,0.0,665
16,0.5963,0.5896,0.1487,0.1258,1.2394,1.3802,2.12,2.7987,0.0,0.0,0.0076,0.0072,0.0,0.0,666
17,0.5964,0.5908,0.1488,0.1257,1.2473,1.3898,2.1143,2.883,0.0,0.0,0.008,0.0077,0.0,0.0,667
18,0.5967,0.5912,0.1492,0.1259,1.2071,1.3482,2.0994,2.8347,0.0,0.0,0.0071,0.0069,0.0,0.0,668
19,0.5972,0.5907,0.149,0.1262,1.2168,1.371,2.0835,2.7777,0.0,0.0,0.008,0.0076,0.0,0.0,669
20,0.5968,0.5913,0.1493,0.1256,1.1877,1.3446,2.0591,2.7026,0.0,0.0,0.0084,0.008,0.0,0.0,670
21,0.5965,0.591,0.149,0.1257,1.1763,1.335,2.047,2.6797,0.0,0.0,0.0082,0.0076,0.0,0.0,671
22,0.5963,0.5899,0.1488,0.1255,1.1866,1.3373,2.0526,2.6806,0.0,0.0,0.008,0.0076,0.0,0.0,672
23,0.5964,0.5902,0.1485,0.1258,1.1766,1.3344,2.0402,2.6749,0.0,0.0,0.0081,0.0077,0.0,0.0,673
24,0.5963,0.5916,0.149,0.1256,1.1759,1.328,2.0452,2.6752,0.0,0.0,0.0079,0.0075,0.0,0.0,674
25,0.5968,0.5905,0.1489,0.1259,1.1573,1.3017,2.0299,2.6647,0.0,0.0,0.0071,0.0067,0.0,0.0,675
26,0.5957,0.5907,0.1491,0.1258,1.198,1.365,2.0657,2.7205,0.0,0.0,0.0077,0.0074,0.0,0.0,676
27,0.5969,0.5899,0.1491,0.1258,1.2189,1.3873,2.1105,2.7568,3.4297,0.0,0.0077,0.0075,1.0,0.0,677
28,0.6517,0.5911,0.1128,0.1258,1.2125,1.3669,2.0933,2.7598,0.4982,0.0,0.0078,0.0075,8.0,0.0,678
29,0.7438,0.59,0.0699,0.126,1.2243,1.3722,2.094,2.7664,0.2518,0.0,0.0075,0.0073,17.0,0.0,679
30,0.6221,0.5904,0.12,0.126,1.208,1.3635,2.0677,2.7747,0.2247,0.0,0.0075,0.0073,11.0,0.0,680
31,0.6282,0.5909,0.1088,0.1256,1.2598,1.4433,2.0875,2.7827,0.4275,0.0,0.0078,0.0075,8.0,0.0,681
32,0.6449,0.5903,0.0997,0.1255,1.2631,1.453,2.1459,2.7514,0.2127,0.0,0.007,0.0069,13.0,0.0,682
33,0.5789,0.5908,0.1397,0.1261,1.2088,1.3251,2.1245,2.7488,0.0,0.0,0.0064,0.0061,0.0,0.0,683
34,0.5784,0.5901,0.1395,0.1256,1.184,1.3313,2.0635,2.6985,0.0,0.0,0.007,0.0068,0.0,0.0,684
35,0.5788,0.5905,0.1396,0.126,1.1698,1.3132,2.0328,2.6848,0.0,0.0,0.0069,0.0067,0.0,0.0,685
36,0.5791,0.5896,0.1392,0.126,1.191,1.3463,2.0498,2.7181,0.0,0.0,0.0075,0.0073,0.0,0.0,686
37,0.5791,0.5901,0.1396,0.1259,1.204,1.3661,2.0723,2.7234,0.0,0.0,0.0075,0.0073,0.0,0.0,687
38,0.5793,0.5899,0.1392,0.1257,1.2219,1.372,2.0786,2.7347,0.0,0.0,0.0078,0.0077,0.0,0.0,688
39,0.579,0.5907,0.1396,0.1258,1.2112,1.3504,2.0761,2.7189,0.0,0.0,0.0075,0.0073,0.0,0.0,689
40,0.5785,0.5911,0.1392,0.1253,1.1882,1.3413,2.0378,2.6938,0.0,0.0,0.0074,0.0073,0.0,0.0,690
41,0.5791,0.591,0.1392,0.1258,1.1393,1.3039,2.0131,2.6728,0.0,0.0,0.0068,0.0065,0.0,0.0,691
42,0.579,0.5907,0.1392,0.126,1.1817,1.3373,2.0293,2.6871,0.0,0.0,0.0077,0.0075,0.0,0.0,692
43,0.5795,0.5907,0.1393,0.1256,1.1824,1.3389,2.0563,2.6872,0.0,0.0,0.0074,0.0073,0.0,0.0,693
44,0.5789,0.5905,0.1394,0.1254,1.1889,1.3446,2.0609,2.6865,0.0,0.0,0.0076,0.0073,0.0,0.0,694
45,0.5788,0.591,0.1391,0.1256,1.2047,1.3707,2.0724,2.7043,0.0,0.0,0.008,0.0078,0.0,0.0,695
46,0.5793,0.5909,0.1395,0.1258,1.2061,1.3613,2.0666,2.741,0.0,0.0,0.0079,0.0076,0.0,0.0,696
47,0.5789,0.5908,0.139,0.1258,1.2009,1.3616,2.0515,2.7453,0.0,0.0,0.0076,0.0075,0.0,0.0,697
48,0.5791,0.5906,0.1391,0.1256,1.2017,1.3734,2.0518,2.7603,0.0,0.0,0.0076,0.0075,0.0,0.0,698
49,0.5791,0.5911,0.139,0.1258,1.168,1.3218,2.0478,2.723,0.0,0.0,0.0071,0.0069,0.0,0.0,699
